id,store,date,rating,title,review,sentiment_label,sentiment_score,topic
13919319356,App Store,2026-04-03,5,very good app !!,sometimes Pinterest can be sometimes annoying but honestly the app is pretty good ^^,positive,0.9062,pinterest · love · like
13919235072,App Store,2026-04-03,1,Needs improvement.,"I use it almost daily. It is constantly and consistently buggy. It unfortunately allows generative ai and seems to be encouraging it since they forced an ai bot into the corner, at all times, that is basically a waste of resources search bar with a voice.",negative,-0.5859,pinterest · love · like
13919138967,App Store,2026-04-03,5,:),I can not live without this app it didnt work for like a week and i didnt know it needed an update and I was basically slowly dieing then I fixed it and all was well!! I REALLY LIKE THIS APP,positive,0.7034,app · great · love
13918971946,App Store,2026-04-03,1,STOP PEDDLING AI,putting the AI interface button right over where the save button is insidious at worst and poor UI design at best. we don't need an AI tool for everything!,positive,0.126,pinterest · love · like
13918882303,App Store,2026-04-03,3,广告太多了,太多了,neutral,0.0,pinterest · love · like
13918800844,App Store,2026-04-03,5,YAS queen,wassup it’s peppa pig um I like pintrest a lot because it gave me a recipe to cook my brother georgie pig. bye chat😛🤏,positive,0.3612,pinterest · love · like
13918753682,App Store,2026-04-03,4,BE FR,I love this app but no ofc due to my age it restricts it randomly still love Pinterest but please fix,positive,0.765,love · app · pinterest
13918598179,App Store,2026-04-03,1,New update is completely broken,The app does not load at all. Literally BROKEN. Completely unusable.,negative,-0.5904,app · great · love
13918462794,App Store,2026-04-03,1,Ads,"On top of the never ending flow of advertisements I see on my feed, there are many scam and AI ads that I cannot get rid of because the hide feature isn’t working. I will try to use the hide feature and the ad remains in place unblocked or blurred. Very frustrating and makes the app difficult to use. Would rate zero stars if that were an option.",negative,-0.8748,pinterest · love · like
13918424422,App Store,2026-04-03,3,won’t let me download anything,app keeps having error messages and I can’t download any images,negative,-0.4019,pinterest · love · like
13918159923,App Store,2026-04-03,2,FX IT,"So I had Pinterest it was the best but when I try to sign in it doesn’t work and I can’t use it and it disappointing cause I’m counting on you Pinterest to fix this if you don’t, I don’t know it’s gonna happen but please fix it cause I can’t find you. It says you’re not eligible so please fix this whatever is happening the bug to fix the bug. Thank you.",positive,0.817,pinterest · love · like
13918102736,App Store,2026-04-03,3,Recent issues,"I don’t normally write reviews but Pinterest has been very messed up lately. I’ve spoken to other to make sure I’m not the only one and I’m not. Recently, i only save some pins, can rarely download pins, I have to screenshot. It’s been glitching and freezing sm more than before and when I save a pin to a board with sections and I add it to a specific section, I’ll go back to look at it later and it’ll just be in the general board, not any section. Also, sometimes Pinterest flat out deletes my pins. I’ve saved like 10 pins and then I’ll go to look at them and they’re just gone. Not in my “all pins”, not in any board, just gone as if I never saved them at all. I also can’t use the Pinterest widget. I used to have a board widget on my home screen but it recently went black, wouldn’t let me edit it at all. So, I deleted it and then tried to add it again and there wasn’t even an option to add a Pinterest widget?? This all started about 3weeks ago. please fix this, Pinterest, been using your app since 2020 and I love it, but PLEASE fix this.",positive,0.9788,pinterest · love · like
13918062634,App Store,2026-04-03,5,Yay,It helped me a lot,neutral,0.0,pinterest · love · like
13918032026,App Store,2026-04-03,5,Pinterest,I like the idea that u give us that u I love ur app keep trying to let me get this app,positive,0.7717,app · great · love
13917983591,App Store,2026-04-03,2,The problem,Pinterest never loads and always has issues i cant rename a board or seem to fix the problem no matter what i do and the reload page button never works and it sends me notifications just for it not to work please fix this.,negative,-0.577,pinterest · love · like
13917213022,App Store,2026-04-03,4,L♥️ve! However—-,"—the app continues to go frozen if I even dare intentionally or accidentally zoom in or out on a pin!!! I have to delete the app EVERY. SINGLE. TIME. to fix it!!! Then waste time re downloading it!!! This is utterly frustrating… but the fact that I do take the time to re download should speak volumes on its own so, please, won’t you help a loyal pingal out with a freeze bug antidote?! 🤦‍♀️🥹✨☺️",positive,0.955,app · great · love
13916864656,App Store,2026-04-02,1,Fix your app,Cannot download 90% of what I try to download and thousands of others on Reddit are also having this issue,neutral,0.0,pinterest · love · like
13916765567,App Store,2026-04-02,1,WAYYYYY too many ads,"only time i enjoy using the app is on my computer browser where i have an adblocker. using on phone is genuinely unbearable. too many ads that take you out of the app. i swear im not even clicking them half the time. and now they’re playing outloud if i just scroll past? been using this app for over ten years and not once has it ever improved, only gotten worse.",positive,0.5859,app · great · love
13916723719,App Store,2026-04-02,1,too many ads,"used to be such a cute app, soooo good for inspo, but now it's genuinely just ads. if you search something you're not going to be getting what you searched for, just ad after ad and thats litterally it. they became so corporate like huge company when they used to be a cute small app",positive,0.9321,ads · app · used
13916600757,App Store,2026-04-02,1,UPLOADING COVER IMAGE BUG,I can’t upload video pins because it gets stuck at UPLOADING COVER IMAGE. I literally have to use a computer to upload video pins. So annoying.,negative,-0.6696,pinterest · love · like
13916577394,App Store,2026-04-02,3,My boards aren’t updating.,"I’ve updated the app but when I try to save a pin, it’s not showing on my Pinterest boards.",positive,0.6486,app · great · love
13916558761,App Store,2026-04-02,1,trash,"i used to love this app, but it's been full of ads and ai slop for a while now, and it's seemingly only getting worse. it's borderline unusable at this point. incredibly disappointing.",negative,-0.8068,ads · app · used
13916503928,App Store,2026-04-02,5,Media with no Socials,"I love Pinterest so much. I get so much inspiration, so many ideas. It’s like social media without the bullying and everyone’s opinion.",positive,0.9263,pinterest · love · like
13916452424,App Store,2026-04-02,5,Recent Bug,"I love this app so much but I noticed a bug recently that doesn’t update the times I saved pins to boards. Not just my boards but others aswell. Instead it shows how long ago I created the board/added things to it before the bug began. The pins show fine, it just isn’t showing how recent it was logged. Maybe this is user error and I did something, but please look into this. Thanks!",positive,0.9355,pinterest · love · like
13916432001,App Store,2026-04-02,1,Going down hill,"I’m a longtime user of the app and have stuck with it even as it implemented the excessive number of ads because of its convenience for finding pictures and recipes, but as ai generations and influx of ads has gotten worse and worse across the app and site I find myself wanting to use it less and less. Now with the addition of an ai voice “assistant” being added in the last update I am inclined to stop using pinterest all together.

The company that owns pinterest has forgotten that pinterest is a product and that those who use it are not. Please remember that your users are your life blood and roll back some of these updates, such as the ai assistant and the use of ai in sifting through pins for removal, reduce the number of ads shown across the platform as it’s become less of an image sharing one and more of an advertisement space, and crack down on ai generated images by either implementing a more accurate means of identifying and labeling them or by allowing an image to be reported for ai usage and have a human check for legitimacy and if the image or recipe is found to be ai then to have it either tagged as such or removed.

Overall I find that Pinterest is going downhill and if things don’t change I will likely be leaving the platform permanently.",negative,-0.902,ads · app · used
13916428877,App Store,2026-04-02,2,pinterest was ONCE a great app.,"i used to find it very relaxing just to scroll and save my interests on my boards, but pinterest has turned into nothing but an advertisement cesspool. it’s near impossible to actually curate your boards when over half of your feed is nothing but ads. there’s so many it’s hard to avoid clicking on them accidentally then taking you off site. not to mention the use of AI on the app, even if you can turn the feature off, it should’ve never been integrated in my honest opinion. pinterest was once a great app, but it has severely gone downhill and it’s no longer enjoyable to use.",negative,-0.2163,ads · app · used
13916418545,App Store,2026-04-02,4,Bug?,I love this app it's soo aesthetic and I love it but when I tried to make a new account and entered my birth year 07/18/92 it told me I wasn't eligible to use Pinterest is this a big or malfunction pls help?,positive,0.8481,pinterest · love · like
13916377713,App Store,2026-04-02,1,ad heavy,too many ads now. add greatly outnumber any content.,neutral,0.0,ads · app · used
13916370663,App Store,2026-04-02,1,Annoying ads that won’t go away.,"Hey Pinterest, I really don’t wanna see the ads I keep asking not to see because they are irrelevant and annoyingly repetitive",negative,-0.25,ads · app · used
13916348674,App Store,2026-04-02,2,Amount of Ads make it unusable,"I used to be obsessed with Pinterest, and I understand having ads from a business perspective, but when 90% of my FYP is ads it makes the experience terrible. The app is virtually unusable",negative,-0.6705,ads · app · used
13916326238,App Store,2026-04-02,4,HELP LOVE BUTTTTT,So basically I got this like a year ago when I got my new room but I did this Roblox thing and it thought I was 9 even thought I am 11 and now my iPad won’t’t let me on Pinterest either because it thinks I am 9️⃣ so can u please change it to 9+ rating plssss I love 💕💕💕💕💕💕💕💕💕PINTEREST!!!!!,positive,0.9969,pinterest · love · like
13916312321,App Store,2026-04-02,5,Get this app !!!!,This app is the best my screen time in this app is 5hours like the best please get this.this is not sponsored. Just the best app slay Pinterest 😝🥰🥰😝👍,positive,0.9861,best · app · apps
13916214625,App Store,2026-04-02,5,I love the app,I like the app because there’s funny stuff and thing that I like,positive,0.7845,app · great · love
13916198793,App Store,2026-04-02,2,Adds,I used to enjoy the app until recently where the adds seem to be everywhere. Pinterest is not the same anymore. I’m about to delete the app.,positive,0.4939,app · great · love
13916197325,App Store,2026-04-02,4,Updates,"I love this app don’t get me wrong. And it’s last update was spectacular it helped so much and it was awesome, but this update is not good, everything is laggy and won’t load and it’s not my wifi. I wish it would load cuz I literally LOOK FORWARD to getting on Pinterest. Thank you, and I hope u fix it!",positive,0.8986,pinterest · love · like
13916065330,App Store,2026-04-02,1,Algorithm is inconsistent and the comment feature is the pits,"I’ve used Pinterest since soon after it came out, so I have some 15 years of pins collected. Over the past six months, the algorithm has frequently become completely unusable, pulling up nothing but ads and sponsored links. Sometimes I can’t even find the different sections of my boards, rendering the organization feature completely useless. The inconsistency of the app is exasperating. Reliability matters. 

Like almost everyone else posting a critical review, I despise the ridiculous amount of AI content. 

In addition, trying to make this a social app where people can comment on other people’s pins has made this an incredibly toxic app quickly. Every time I use it, I block multiple people for their rude comments now. 

I find myself using it less and less. At this point, I assume they’re trying to tank the free version so that a paid/subscription version is palatable.",negative,-0.8761,ads · app · used
13916033275,App Store,2026-04-02,1,Fix it please,Okay so you might be wondering why I gave 2 stars on Pinterest and it’s because I tried to sign in so I am at the point where I enter my birthdate and it says not able to join and I try again and still doesn’t work so please fix this,positive,0.4594,pinterest · love · like
13915917941,App Store,2026-04-02,1,Glitches,Whenever i favorite a pin in one my boards it doesn’t allow me to unfavorite it later and it’s annoying,positive,0.296,pinterest · love · like
13915874899,App Store,2026-04-02,4,I love the app but…,This is the best app for ideas and inspirations. BUT it’s not even letting me download the images at times. It’s day 2 and it won’t let me download a single thing. I uninstalled it then reinstalled but it’s doing the same thing. Can you please fix this issue?,positive,0.765,pinterest · love · like
13915846482,App Store,2026-04-02,5,Pinterest,I love it so much Pinterest it gives me so much ideas and cute wallpapers,positive,0.802,pinterest · love · like
13915705727,App Store,2026-04-02,2,Bug!,"The app used to work perfectly, but for some reason it's stopped for me. I can only see the first few pictures when I open the app but when I scroll down for new feed it won't load at all. The search does the same thing where it just won't load. And if I try to scroll down and then back up the feed I already saw will not load either. I waited a few days thinking it was bad internet but nothing has changed. I even restarted my iPad. Please fix this bug 🙏",negative,-0.3716,app · great · love
13915646715,App Store,2026-04-02,4,Love it!!,Love Pinterest!!! It gives me inspiration and crazy laughs!,positive,0.8902,pinterest · love · like
13915645970,App Store,2026-04-02,3,Too many ads,There are so many ads. I can’t get to what I’m actually looking for sometimes,neutral,0.0,ads · app · used
13915536030,App Store,2026-04-02,5,5 so u see,"I used this app daily but it banned my account for no reason. I’m really sad rn. I didn’t do anything, Pinterest, I swear! Please fix the bug soon. Said I was banned for ‘Violating the community guidelines’. I didn’t do anything! I didn’t bully anyone, I didn’t hate, I didn’t post p0rn, I didn’t violate the guidelines! When I try and create a new account I use my mom’s b-day (I’m only a teen and it rejected my b-day) and it says ‘you aren’t allowed to use Pinterest right now’ BRO SHE’S 45. And I’m 12, it says on App Store ‘12+’ 
Fix your damn app.",negative,-0.9888,app · great · love
13915514041,App Store,2026-04-02,5,Love it,It’s really good. It’s giving me a lot of ideas and it’s a good activity and it helped a lot.,positive,0.8297,pinterest · love · like
13915456760,App Store,2026-04-02,1,ADS,"why do I hardly hover my finger over the millions of ads on this app, and it clicks and opens it to a new tab anyway. Can hardly even use the app for it’s intended purpose, I can only spend the whole time trying NOT to click an ad",neutral,0.0,app · great · love
13915227864,App Store,2026-04-02,5,MUKEMMELLLL,"Uygulama hem çok kaliteli hemde çok iyi çalışıyor, içinde aradaıpım tüm her şeyi bulabiliyorum. Sadece reels özleliği geri gelmeli ve mesajları silme özelliği olmalııı uygula aşırrıı iyii",neutral,0.0,pinterest · love · like
13914913301,App Store,2026-04-02,5,Update ideas??,"I loved Pinterest but just one thing, there’s no customizable backgrounds. I’ve also seen so many people on Pinterest saying the same thing. It would be so cute if we could do different colors. I’ve been wanting a pink Pinterest for ages!! 💔",positive,0.8475,pinterest · love · like
13914654127,App Store,2026-04-02,5,New system,I’m not enjoying Pinterest any more. I use to be able to go to site click on red dot & get to the recipes or anything . Not the new thing just keep adding up no way to see them.,negative,-0.6093,pinterest · love · like
13914584092,App Store,2026-04-02,5,pinterest is so good for inspiration and aesthetics,I LOVEEEE pinterest because it makes it easy to find inspiration because your for you page matches what you like!! but also when i’m on ipad it doesn’t let me do anything. it’s so glitchy and doesn’t load.,positive,0.6688,pinterest · love · like
13914380155,App Store,2026-04-02,5,≪ও♰♰,It's amazingggggg,neutral,0.0,pinterest · love · like
13914333884,App Store,2026-04-02,1,Not even good,I’m saying that I can’t even create a account or even do anything. This is a terrible app.,negative,-0.25,app · great · love
13914130976,App Store,2026-04-02,1,Where are the real pins????,Just ads ads ads ads and endless products links. This app is unusable now.,neutral,0.0,ads · app · used
13914060011,App Store,2026-04-02,1,ALL ADS,App is unusable anymore as it's all ads.,neutral,0.0,ads · app · used
13913941647,App Store,2026-04-02,2,Please fix the app!,I love Pinterest!  But my iPad updated the app last night and now I can not even use it! It only show a blank white screen with a spinning wheel ! I love Pinterest but pls fix this glitch!,positive,0.9005,app · great · love
13913823007,App Store,2026-04-02,2,Why they won’t let me in!!😭😭,"Even though I’m eight years old, they won’t let me in not even my dad or my sister and my sister’s older than me. What’s wrong with an eight year-old being in it?😭😭😭😭😭😭😭😭😭😭😭😭",negative,-0.9901,pinterest · love · like
13913820544,App Store,2026-04-02,5,Best app ever,Other then the add pop ups…it truly is one the best apps ever definitely recommend getting it. 🙈,positive,0.9062,pinterest · love · like
13913761307,App Store,2026-04-02,2,More ads than actual content,"For so many years ive loved pinterest so much. Its such an amazing and unique app with a specific vibe u cant get anywhere else honestly. However over the years the ads have been getting more and more aggressive. Dont get me wrong i understand the need for ads to keep the app running and its sometimes nice to get a curated ad that is actually something id be interested in. But lately the ads are so repetitive, irrelevant, and at this point there are more ads than there is actual content. Its almost impossible to find just a good pin that isnt an ad that involuntarily sucks u to a website u didnt want to go to. And its getting to the point where pinterest is unenjoyable and unusable. Please pinterest yall are one of the last peaceful and wholesome places on the internet id really hate to see lose all of its life that the users love so much.",positive,0.8642,ads · app · used
13913677726,App Store,2026-04-02,1,Too many ads,I use to love Pinterest and I’ve used it for a couple years now but lately probably in the last year or two I haven’t been able to use it at all because of how many ads I get whenever I open the app I get overwhelmed and have to leave immediately because of the amount of ads I get and I’ve even counted roughly 32 ads after maybe swiping 11-15 times and hardly see any posts it’s absolutely insane and completely unusable its turned into just one big ad at this point I don’t know why they don’t just turn the app into some online store like amazon and I’ve honestly came so close to just deleting my account despite having had it for so long because its that bad,positive,0.287,ads · app · used
13913239682,App Store,2026-04-01,3,Good but there’s problems,I love Pinterest and always have. But recently any time I try to make a collage and use my photos the scissor tool (you’d use this to crop or cut out certain parts of a picture) hasn’t worked at all. Like I’ll go to crop a photo and then hit done and then hit done again to add it to the collage and it just goes right back to how it was and doesn’t even crop it. Another problem is when adding pictures to the collage it’ll not load some in and even has removed chunks of the collage and then I’ll have redo it all and try to remember everything I had added. Also if I swipe a wrong way it’ll zoom out and I’ll have to exit the app to get it back. Or when I click on a board not all the pins I have saved will show up. Other than this the app is great,positive,0.8176,pinterest · love · like
13913171627,App Store,2026-04-01,5,EW.,"I have a five so this can be shown, okay so when I’m looking at my beautiful ship art or going to get inspo I be looking and I get I’ll get sexual ads and it’s just ew- I personally am asexual- and a child- so it’s very weird to get those ads, and the just never go away it’s the same ones every day. PLEASE FIX</3",positive,0.7633,ads · app · used
13913155695,App Store,2026-04-01,3,Too Much Ads!!,i love Pinterest but jee gosh i can’t even peacefully scroll without accidentally pressing a link to an ad which takes me out of the app and it’s such a nuisance. Yall should do better and be less money hungry as the constant ads take away from the experience.,positive,0.9274,ads · app · used
13913134733,App Store,2026-04-01,1,Too many ads immediately uninstalled,"Downloaded this app again so I could make a mood board. If I was to use the app to make it, might as well just make it an Amazon ad theme. Genuinely every scroll had an ad and it just felt unusable.

I remember this app used to be way better, what happened?",positive,0.6908,app · great · love
13913120576,App Store,2026-04-01,5,10/10,I always find the inspiration I need,positive,0.5267,pinterest · love · like
13913003509,App Store,2026-04-01,1,Sick of links to buy things,"I used to love scrolling on Pinterest for nail ideas and clothing options. It has turned into product central. Every time I see a cute design, it takes me to a website to purchase the product. I don’t want the product - I just want inspiration for what I’m looking for!! I also don’t understand why there are so many links to stupid lists. There’s no reason I should have to go into an app just to get sent to a who different website. This is getting out of hand. I miss the Pinterest when it didn’t have links to everything.",positive,0.8684,pinterest · love · like
13912917449,App Store,2026-04-01,4,It’s great but the moderation is weird,Since when is kawaii “nudity” ??,neutral,0.0,pinterest · love · like
13912912121,App Store,2026-04-01,1,Accident,Sorry guys I accidentally pressed it my true favorite is 5 stars better than any other app,positive,0.7184,pinterest · love · like
13912892292,App Store,2026-04-01,1,Heartbroken with AI pins,Used to adore Pinterest. Inspiration and so much useful info. But the amount of AI pins and ads I get have ruined it for me ):,negative,-0.5041,ads · app · used
13912889902,App Store,2026-04-01,2,Too much AI,"There’s too much ai junk, there needs to be a filter to hide ai images.",negative,-0.1779,pinterest · love · like
13912881839,App Store,2026-04-01,5,Pinterest is the BEST,I love Pinterest soooooo much!!!!!!!!!!,positive,0.7482,pinterest · love · like
13912808626,App Store,2026-04-01,3,Missing pins,"Opening my saved pins, filed under titled categories, I find most or all of them gone. What I do find is what you want to sell me that has nothing to do with what I like. Added to this is the fact that the app won’t even load up on my iPad & so, I’m regretting the download. No advice please; I’ve done it ALL many times, over and over.",negative,-0.0675,pinterest · love · like
13912786142,App Store,2026-04-01,5,❤️,Niche core,neutral,0.0,pinterest · love · like
13912780454,App Store,2026-04-01,5,Love it but....,So I love pintrest sm but it stopped loading I can not search for anything and I'll go down on the fyp and it won't load no matter what I do.,positive,0.1208,pinterest · love · like
13912766757,App Store,2026-04-01,1,Removing pins for fake reasons,I’ve had pins removed for “self h*rm” but there is nothing self h*rm related to those pins. They just want to silence creativity. They also allow people to steal private pics and repost them with no consequences no matter how many times you reach out to try and get them taken down and they turn comments off on my LGBTQ+ related content. Only that type of content. Pinterest is only interested in silencing their users.,positive,0.5058,pinterest · love · like
13912756271,App Store,2026-04-01,3,PINTEREST,I LOVE PINTEREST it gives me sooooo many good ideas and is just such an amazing app!HIGHLY recommended,positive,0.929,pinterest · love · like
13912695203,App Store,2026-04-01,4,Bug,I think there is a bug because whenever I add something to one of my boards it doesn’t update when it was added and still says I added something 2 days ago instead of “now”,neutral,0.0,pinterest · love · like
13912694030,App Store,2026-04-01,1,Can’t get past recover user name,I keep on trying and it won’t work so,neutral,0.0,pinterest · love · like
13912660711,App Store,2026-04-01,4,Review,It’s really good the only thing is I wish you could message anyone without a follow and more easy to get to messages,positive,0.8437,pinterest · love · like
13912643357,App Store,2026-04-01,1,"I used to love this, but…",It’s all AI anymore. Not worth pinning anything because the recipes aren’t actually made by real people. Or you can buy a recipe? I’m over it. Time for someone to create a new app that doesn’t allow the BS.,positive,0.3257,pinterest · love · like
13912624323,App Store,2026-04-01,3,Idk,"It’s a good app and all, but for some reason it won’t load for me and I don’t get why. I have to use the browser because of it. Though I love it a lot, has the stuff I want to find",positive,0.8481,app · great · love
13912610912,App Store,2026-04-01,1,Adds!!!,Why is there an equal number of adds as there are pins in my feed? Its absurd. Makes me want to undownload…,positive,0.1531,pinterest · love · like
13912557687,App Store,2026-04-01,5,Wonderful,It was very creative and wonderful so,positive,0.7996,pinterest · love · like
13912555927,App Store,2026-04-01,1,All Ads,"90% of what I see is ads. No matter what I do, I can’t get rid of them.",neutral,-0.0191,ads · app · used
13912532982,App Store,2026-04-01,1,Too many ads on the app!!!!,I can’t use this app when 2/3 pics on my feed are ads. I give up on it.,neutral,0.0,ads · app · used
13912497043,App Store,2026-04-01,1,Basically only ads now,Too many ads…,neutral,0.0,ads · app · used
13912429652,App Store,2026-04-01,5,Please help,Hi there you guys. I love Pinterest ; I’m on it every evening. Yesterday and today it will not load anything and has 3 circular pics just rotating. Please help me.,positive,0.8481,pinterest · love · like
13912403996,App Store,2026-04-01,1,Illegal User Interface/Fraudulent Ad Revenue,"I used to love Pinterest but the app has become unusable. They changed the user interface so that you don’t have to actually press/click on an image or ad in order to open it. They have changed it to Touch Triggered Auto Open, meaning you don’t even click on a post and it automatically opens the post or advertisement. Not only does this make the app unusable because it opens every single post while trying to scroll and then you have to click out of it and go back, triggering auto refresh or losing your spot while scrolling, but this feature is also highly illegal because they do it with the intention of soliciting false ad clicks to generate fake revenue. I advise Pinterest to fix this issue as soon as possible before users start reporting their fraudulent revenue to the FTC or BBB. 

It’s one thing to deliberately change the user interface to generate fraudulent ad revenue, but it’s an entirely different thing to make it so sensitive that it makes the app unusable for even simply scrolling.",negative,-0.9678,pinterest · love · like
13912332696,App Store,2026-04-01,5,Fix the bug!!!,Can you update the app because it’s always keep loading and it was working before now it isn’t:(,neutral,0.0,app · great · love
13912319259,App Store,2026-04-01,5,Slay 🌸😝🌺🥀,⭐️⭐️⭐️⭐️⭐️,neutral,0.0,pinterest · love · like
13912290150,App Store,2026-04-01,3,THE GLITCHES ARE SO ANNOYING,"This is an amazing app BUT, I make something and then it deletes it like? It happen to me 2 times an that stuff took TIME!!",positive,0.7379,pinterest · love · like
13912179752,App Store,2026-04-01,5,AMAZING,I absolutely love Pinterest like I get so many ideas from it and my phone and iPad is customized so cute and nice I love this u should get this to the person reading this,positive,0.9606,pinterest · love · like
13912126630,App Store,2026-04-01,1,Update,My app updated yesterday now I have nothing. Won’t even open. Was good until the update. Don’t know why these apps have to constantly do these updates when all it does is screw things up. This app will not open. I deleted it tried to reinstall no good. So I deleted it again and if the developer ever decides to fix it I might reinstall it,neutral,0.0243,app · great · love
13912086819,App Store,2026-04-01,5,FIX THIS IM ABOUT TO CRASH OUT,"Okay so I love love love Pinterest, right? Well anytime I close the app and reopen it it only shows a few pictures and then just the loading sign while I have full Wi-Fi, PLEASE FIX THIS",positive,0.9646,love · app · pinterest
13912069859,App Store,2026-04-01,3,Love the app,I love the app but it no longer lets me post anything,negative,-0.0516,app · great · love
13912054845,App Store,2026-04-01,5,MacBook Air,I wished Pinterest can be downloaded on MacBook Air.,neutral,0.0,pinterest · love · like
13911991582,App Store,2026-04-01,1,Horrible,I try signing up I add my real date of birth don’t  work I do something older doesn’t work this app is horrible,negative,-0.5423,pinterest · love · like
13911983485,App Store,2026-04-01,3,Pinrest prombles for me ig,It wont load the search or the buttons on the bottom and i tried offloading it and reinstalling but it wont work and im just trying to get a wallpaper for my ipad and a picture of kpop idol chuu,neutral,0.0,pinterest · love · like
13911881271,App Store,2026-04-01,2,New update,"My home page will only display what is on my screen, I cannot do anything on the app all I get is spinning dots!",neutral,0.0,app · great · love
13911863649,App Store,2026-04-01,2,AI and ads limit usage,"Sometimes the picture doesn’t look like the recipe. It’s obviously an AI generated picture. I don’t trust that the recipe is legit. Also, many recipes have so many pop up ads it’s literally impossible to read the recipe. Also, 90% of my feed is ads.   It’s too hard to weed through all the ads and the AI “made up” stuff that a robot recommends. I only use the app now to store recipes from YouTube and other social media platforms.",positive,0.743,ads · app · used
13911796637,App Store,2026-04-01,5,Cutesy,This app has so many cute photos!,positive,0.553,app · great · love
13911680574,App Store,2026-04-01,1,my pins are not posting,"my pins aren’t posting and no it’s not my wifi, i updated the app TODAY and they’re still not posting. please fix it soon!!!",negative,-0.6172,pinterest · love · like
13911664501,App Store,2026-04-01,5,B est app in the world,I love this app I find so many things to do and inspo,positive,0.6369,app · great · love
13911630812,App Store,2026-04-01,1,Blank screen,"Up until this morning loved this app, used it all the time. But today opened to a blank screen. So I uninstalled app & reloaded it. Got home page with 3 pictures on it, the rest were blank. Can’t search, go into my pins or my account. Nothing ! So I closed down iPad & rebooted, still nothing. Went to App Store to see if there was an update, nothing. So disappointed.",positive,0.7942,app · great · love
13911390784,App Store,2026-04-01,1,App has gone down hill,I used to love Pinterest it was full of great blogs but now it mostly adds and AI generated content. The adds are what have really ruined my experience on this app there’s not way to block them from my feed or filter them out on searches,positive,0.3959,pinterest · love · like
13911349198,App Store,2026-04-01,5,Love it!!!!,"First time using it after hearing everything about it and so much better than  I imagined!!!!!!!
It lets you design and post and you can even use your own content and photos!!!! + really easy to design and use!!!!!!❤️❤️❤️❤️❤️",positive,0.8195,pinterest · love · like
13911270140,App Store,2026-04-01,2,unusable,"for the entire day, the pinterest app was completely broken and REFUSED to load anything. no videos, no images, just greyness and spinning. and it kept freezing everytime i saved an image. i tried deleting it and reinstalling it but nothing worked, i'll have to force myself to use the website version instead now. please fix, this has been happening for an entire day now.",positive,0.0514,pinterest · love · like
13911268157,App Store,2026-04-01,1,Sucks,Well this app really starting to suck. It works one day the next day can’t get on it. Good thing it’s free.,positive,0.6293,pinterest · love · like
13911227577,App Store,2026-04-01,5,Idk fr,I really like this app because I can watch movies on here and yea,positive,0.4201,app · great · love
13911127299,App Store,2026-04-01,1,Not happy,I’ve been trying to get on my Pinterest app the last couple days and it won’t work at all! Tried to find help but no luck at that!! What the heck!,negative,-0.5481,pinterest · love · like
13911101012,App Store,2026-04-01,4,Hard to load,"I love this app but it is hard to load and I have full internet, I cannot do anything please fix",negative,-0.1136,app · great · love
13910908820,App Store,2026-04-01,5,Pinterest tu mejor opción,Cundo no tengo ideas Pinterest me las da✨,neutral,0.0258,pinterest · love · like
13910850191,App Store,2026-04-01,1,Stupid,Make the X bigger,neutral,0.0,pinterest · love · like
13910835584,App Store,2026-04-01,1,Selections disappeared,For the past few days nothing works.  My selections are just blank. Even Pinterest home page will not open a recipe. Updates are really messing up what was a good thing. I relied on this in most of my cooking. Fix these issues ASAP!  Get it together.,positive,0.4926,pinterest · love · like
13910814421,App Store,2026-04-01,3,really good app developers don’t even try to make it any better,there’s so many bugs yalll really couldn’t care less to fix,positive,0.539,pinterest · love · like
13910805381,App Store,2026-04-01,5,Please see,"I love this app very much helps me with art,fashion,baking it’s almost like my life on an app but recently it’s been slow and not letting me in the app I’ve deleted it and got it back but it acts even slower and wont even let me see the pins and loads I don’t know if there is a bug or something but please fix it.",positive,0.796,app · great · love
13910575855,App Store,2026-04-01,1,My likes,I have not been able to save post on the app for my iPad. Yes my iPad is updated via software. The app on my iPhone works just fine. Please fix this issue. It’s been going on since 3\31\26,positive,0.8402,app · great · love
13910536104,App Store,2026-04-01,1,Won’t stop loading..?,"Edit: every time I get off the app it freezes completely, taking hours to actually load and let me look up what I need to. It’s infuriating and annoying because I really liked this app, and Theres not much apps like this 😭🥀",negative,-0.8083,app · great · love
13910345266,App Store,2026-04-01,1,"W T F, part 23","APRIL FOOLS - once again your update prevents me from pinning at SplitcoastStampers.com and why am I not surprised? Not off to great start in 2026, this is the second time this year and your app review rating remains at 1Star because I cannot give you none.",negative,-0.8221,pinterest · love · like
13910177965,App Store,2026-04-01,1,Seems broken,It doesn’t work at all any more. I used to use it all the time for recipes. I think I’ve lost them all,negative,-0.3182,pinterest · love · like
13910051488,App Store,2026-04-01,1,I HATE THIS!,"ive been on pinterest and i cant even get on the app, im on an ipad 6th generation, it just shows me some blank tiles and i cant get in",neutral,0.0,app · great · love
13909895609,App Store,2026-04-01,1,ad minescape,"every single effin scroll triggers a link opening to an effin ad. Pinterest is like an ad mine, every scroll is a like stepping into a field of mines. please scale down on the number of ads or make the click sensitivity less??? i’m scrolling so slwly and genlty and yet it triggers this bs",positive,0.1381,ads · app · used
13909492388,App Store,2026-03-31,2,Way to many ads,"To many ads, can’t even use the app frl,used this app for  long time and the way ads are taking over is insane!!!",negative,-0.5538,ads · app · used
13909445767,App Store,2026-03-31,1,"Way too many ads, too many videos","Pinterest used to be great. Now every other post is an ad, and they usually lead to scam clothing sites.",positive,0.1027,pinterest · love · like
13909415774,App Store,2026-03-31,1,Used to love it,"I used to love this app. I’ve removed all other “social media” from my life and I fear Pinterest is next. It’s glitchy with commenting and in general (it’s getting so much worse instead of better), poorly designed for easy and quick pin management (why can’t I delete a pin with one click?! Why is this so hard after so long?!), and it seems like every other pin (sometimes every pin!) is an ad. Yuck, too bad Pinterest went the way of all the rest—enjoy those profits corporate execs. Thanks for making it easy to shed the trash from my life ✌️",positive,0.8883,pinterest · love · like
13909407865,App Store,2026-03-31,3,It was okay at first until..,"The app was okay at first until there were lots of glitches on the app. The search bar was always disappearing and the screen would freeze a lot. And now, for some reason it won’t even let me into the app. I seriously don’t know what’s going on.",positive,0.1027,app · great · love
13909320079,App Store,2026-03-31,1,Search bar disappears,"This new update stinks because when I scroll and then want to search something or view my profile, the buttons are gone.",negative,-0.1779,pinterest · love · like
13909253970,App Store,2026-03-31,5,Pinterest devs pls read,So basically I just downloaded Pinterest a couple hours ago and every time I try to log in it takes to long and kicks me out I've been trying to figure out how to get it working I turned my iPad all the way off I also deleted it and got it back and it still doesn't work devs pls fix thisss,negative,-0.0572,pinterest · love · like
13909244585,App Store,2026-03-31,1,Why u kick me out?,"Failed me 
I can never go in the app
I just wanna make stuff for my friends and family and me!",negative,-0.126,pinterest · love · like
13909166258,App Store,2026-03-31,4,Why did you remove the hearts,I think the app is good overall but I don’t like with the new update they removed the heart thing and now if you save a pin you can’t see what board you saved it too idk why they changed it 😔😢,positive,0.9403,app · great · love
13909162914,App Store,2026-03-31,1,really bad,Today I opened the Pinterest app and next thing u know I’m logged out of my account. When I try to get it back it keeps saying “not right now” I love Pinterest and all but now it’s starting to piss me off. Pinterest you better figure something out because I want my account back,positive,0.5187,pinterest · love · like
13909145053,App Store,2026-03-31,1,Can’t sign in,"Won’t let me even sign in so if I could give it zero stars, I would not to be a hater or anything, but it’s so frustrating that it won’t let me login",negative,-0.7913,pinterest · love · like
13909059561,App Store,2026-03-31,1,New Update is Horrible! Cannot access my secret board sections!,"Before the update I could access any of the sections on any of my boards but now I am completely unable to it’s like my sections don’t exist anymore. I have over 30K pins on a single board divided over 17 sections and yet it just shows all of them + a billion ads in between. It’s so disorganized and impossible to navigate. This is especially true with pins in sections of secret boards as I cannot access them at all!! Also half of the boards and app are tings don’t even load anymore since the update! The app is borderline unusable at this point and if I could I’d give it 0 stars. 

Another issue is that before the update, if a pin had a link attached to it I’d be able to click it and access the website it originally came from and go back on tabs after I clicked it (ex: click on pin with link to Wikipedia and click on a different article but could still use the back arrow to get to the original article). However after the most recent update, I am unable to go back after clicking the back arrow which is quite inconveniencing and annoying. 

Another factor is the introduction of AI to Pinterest has made the app harder to use and both these issues have overall made the app more difficult to use and not worth the hassle. Until Pinterest returns to how it could be used a month ago myself and many others will not use the app. Pinterest staff if any of you read this it would be a good idea to remove AI from the platform and go back to how the app functioned a year or two ago. Sincerely, an aggravated user of 10+ years",positive,0.4464,app · great · love
13909059411,App Store,2026-03-31,4,mine won’t work 😭,"i love pinterest but mine literally refuses to load the pictures, i’ve cleared my cache, deleted and reinstalled like 3 different times, shut down my ipad, refreshed, and it still won’t work, so i can’t use it at all, so if you have any ways to fix this please respond !!",positive,0.8878,pinterest · love · like
13909045547,App Store,2026-03-31,1,Very poor,I suddenly started getting the majority of my stuff in Mexican.  I do not speak or read this language so it was pretty useless to me.  My chosen language is English.  I can read enough German and French to get the gist of things but those languages are rusty.  I tried to communicate this to you but there was no way as language is not an option for problems.  I have deleted anything I May have accidently pinned (too easy to do since that is right above the 3 dots) now it’s not loading.  I don’t know if it’s something I did or if Pinterest is broken beyond what I have complained about.,negative,-0.8711,pinterest · love · like
13909032844,App Store,2026-03-31,1,Sections are gone,After recent update some of my boards are missing sections even though at the top it says how many sections there are. Deleted and reinstalled and still having the same issue,negative,-0.1027,pinterest · love · like
13908963579,App Store,2026-03-31,1,Overrun by AI,"I never comment on apps, but upon downloading Pinterest my feed was essentially all AI slop. They ought to put in AI regulations. I don’t want to see an AI generated city or landscape, I want to see true art. 😭",positive,0.1154,pinterest · love · like
13908841685,App Store,2026-03-31,5,Love the app but…,I love Pinterest an I'm on here frequently. I have no complaints per say but I do have a suggestion that would really help me out on my boards.  Could you please add a shuffle option in the organize board menu. Or maybe let me move pins around within a board.  It would be much appreciated! @pinterest,positive,0.9424,pinterest · love · like
13908822745,App Store,2026-03-31,2,Fix the app,"I love Pinterest. I’ve been using it for so many years growing up, but I have no idea what is going on with it. The pictures won’t load nothing will load and it’s definitely not my Wi-Fi. Please fix Pinterest, I can’t live without it :(",positive,0.6703,pinterest · love · like
13908816007,App Store,2026-03-31,5,Pinterest is very helpful!!,"Pinterest is a very good app and amazing!! It's helpful for personal things or being creative I use Pinterest almost a lot because it's more useful than other apps, but there's only one problem the loading of it has been slower and mostly when i click search nothing shows up also when I usually reset it or wait for it to load it never loads I don't why this happens I often think its my Internet connection or something else but I hope you can get it fixed if you can and see if its another problem of why it's doing that Or maybe it's just the Wi-Fi getting bad and being slow I don't really know but I'm letting you know so you can see if it's another problem or it's the Wi-Fi.
 
But overall Pinterest has to be the best app I've ever experienced gives a lot of useful ideas or tips I love it a lot I'm grateful that Pinterest was made it does a lot of things and hope you do good and continue what your doing Also yes please figure out why the loadings have been getting slower if you can I would really appreciate it thanks!!",positive,0.9917,pinterest · love · like
13908722653,App Store,2026-03-31,1,Too many ads!!!,As of late Pinterest has become 60% ads and shopping links. It has made the app genuinely unusable to me. I wouldn’t recommend using it until this awful update is changed.,negative,-0.25,ads · app · used
13908676881,App Store,2026-03-31,3,Freeze fest,"This app is great until it just freezes. It’s 2026, we should have a better system by now.",positive,0.7845,app · great · love
13908631042,App Store,2026-03-31,4,It is being annoying . lol,Ok so why I said it is being annoying is because it will not sign me in for some apparent reason and it is being very annoying!!!! But over all this is a great app for inso but it is being weird for some apparent reason and it needs to be fixed. lol 😂. Thank you for listening.,positive,0.9462,pinterest · love · like
13908564920,App Store,2026-03-31,5,I wrote this 5 stars so you can see this.,I open the app but when it opens my account doesn’t load the buttons don’t load nor the feed popped up I restarted my device and deleted the app  3 times and reinstalled it. It’s probably a crash or a bug or my iPad but I can’t even use the website without even looking a picture before it directed me to the non visible feed . I probably have to wait but I tried and I waited for 2+ hours. And I looked at videos on how to fixed this but please help me resolve this bug(or crash)..,positive,0.4215,app · great · love
13908474108,App Store,2026-03-31,1,Why would you do this??,PLEASE FIX THE APP!!,positive,0.4374,app · great · love
13908466499,App Store,2026-03-31,5,Love but a problem,"Ok so, I love Pinterest. Like a lot. But when I go to search smth up, it just keeps loading. I though it was my internet but everything else works. Maybe it’s a glitch (hopefully). Pinterest, please fix this. 
Thank you for your time :)",positive,0.9565,pinterest · love · like
13908459331,App Store,2026-03-31,5,Pinterest is so great!,I love Pinterest! It makes me feel so productive!! I love how my fyp is so aesthetic and has great ideas! Love it so much and the creators thank you sooo much for making it!!❤️💐🌺🏝️,positive,0.9707,love · app · pinterest
13908353293,App Store,2026-03-31,4,Please fix bugs,I love Pinterest but there are bugs. My boards say I was last active on them days ago when I just added to them. When I make pins it doesn’t show them when it says published. Please fix these bugs.,positive,0.8442,pinterest · love · like
13908228742,App Store,2026-03-31,3,Sync with the .com?,"Aside from issues with the app (e.g., snaps back to the top of the page after viewing a pin), there’s no longer a way to contact them. My .com Pinterest page is empty and my app pages are full…why can’t the pins from the app be imported to the .com? Tried, but the .com verification code (that I cut and pasted from an email they sent) can’t be verified…so I can’t access!",negative,-0.5487,app · great · love
13908201766,App Store,2026-03-31,4,Good but there’s a small bug,Amazing app but it won’t load at all for me and I have good Wi-Fi. I tried everything but it doesn’t work,positive,0.7391,pinterest · love · like
13908102453,App Store,2026-03-31,5,One problem,Love the app but my profile isn’t loading I can’t like post or save and I don’t need to update it it might be a bug or my internet connection but if it is a bug can you please fix it,positive,0.9201,app · great · love
13907998688,App Store,2026-03-31,1,WAY TOO MANY ADS,The entire platform is ads and blogs. Not a fun experience anymore.,negative,-0.4023,ads · app · used
13907974526,App Store,2026-03-31,3,Good app but glitches on iPad,"So I was able to use the app fine but now on iPad I cannot enter the app after multiple redownloads and restarts. From the information I have gotten, there was an update and caused this glitch but completely works on computer. I would like this glitch to be fixed as soon as possible.",positive,0.5647,app · great · love
13907956860,App Store,2026-03-31,1,Horrible,This app simply doesn’t work . You see it worked in the beginning but as time went on it started to lag and now it takes three minutes to load and I know it is not my Wi-Fi bc I have the highest program with my network do not recommend,negative,-0.697,pinterest · love · like
13907899067,App Store,2026-03-31,1,Basically worthless now,"I have been on Pinterest for YEARS and have thousands of pins saved. I’ve watched Pinterest steadily go downhill the last few years and now it’s basically unusable. So full of ads that you hardly get to see any actual pins, and my feed is constantly full of the exact same pins over and over again instead of ever showing me anything new. The beginning of the end is when they got rid of categories on the search page. You used to be able to select a category and see everything that was being posted in that category, and it was a great way to see new stuff you wouldn’t normally get exposed to. Now everything is algorithm based and it’s nearly impossible to find anything you haven’t seen before, even in searches. And videos always auto play out loud no matter how many times you turn off auto play in settings. I wish they didn’t consistently just make things worse and worse. So sad to see how bad it’s gotten.",negative,-0.1693,ads · app · used
13907818323,App Store,2026-03-31,5,Unresponsive,"Good Morning,After Trying Multiple Attempts To Get My Pinterest Account Up And Running, Everything I Tried Wasn’t Working, Even After Contacting An Apple Support Team Member, (Miranda) And Even She Has Also Walked Through All The Necessary Steps To Resolve This Issue,Nothing Happened To Resolve The Problem, She Then Directed Me To Contact You To See What Else Could Be Done,I’ve Been Using Pinterest For Many Years, And I Would Really Like To Resume Using It,I’ve Saved Many Useful Recipes And It Would Mean Alot If You Could Help Me With This Issue,Mahalo And God Bless.",positive,0.969,pinterest · love · like
13907747543,App Store,2026-03-31,1,Bad,"My boards are no longer visible!
Slow process loading the app!",negative,-0.4184,app · great · love
13907727312,App Store,2026-03-31,5,Pinterest,I live this app you get to choose what you looks t and what your interests are and it has funny memes to watch and it is just a great app I do recommend,positive,0.8885,app · great · love
13907597091,App Store,2026-03-31,1,No,Pls do not get.social media is a trap 🕳and it make you feel weird but pls do not use this app,negative,-0.1027,pinterest · love · like
13907404199,App Store,2026-03-31,1,Get rid of AI “art”,I used to love this app and use it for everything. Now there are more ads than there are actual posts and everything is AI slop. I hate this app so much now.,positive,0.128,ads · app · used
13907290385,App Store,2026-03-31,1,I ACTUALLY HATE PINTEREST,"every time i want to sit down and relax on this app i get slapped with more ads than my mind can comprehend, the sound/mute is buggy and the videos don't load and pause. i am sick with hatred of how this app is designed.",negative,-0.6486,app · great · love
13907176562,App Store,2026-03-31,2,Business Page,"I recently converted my account into a business page. It will not allow me have a compact view of “All Pins” or my favorites. I have more than 30k pins, I want to be able to see more than two of them at once. Please fix this!",positive,0.6157,pinterest · love · like
13907167231,App Store,2026-03-31,5,So peak,I use this app for pfps and edit clips and recently got a gf she’s so fkn adorable wait going off track like I was saying I use it for like matching pfps and stuff it’s awesome download the app now!,positive,0.9165,app · great · love
13906842845,App Store,2026-03-31,2,My favorite app,I love Pinterest. I like that they have made pinning items even easier.,positive,0.8591,pinterest · love · like
13906751737,App Store,2026-03-31,1,Soooo many ads,You people have gone insane with the amount of ads that are in this app. It’s close to 50% of the posts I see on my homepage and it’s getting ridiculous. The amount of ads were the main reasons I deleted instagram and TikTok months ago and now I’m very close to deleting Pinterest too. I’ve had it.,negative,-0.6369,ads · app · used
13906485380,App Store,2026-03-31,1,Terrible pop ups,I’ve deleted this app because it never works anymore and the pop up ads have gotten so bad it’s not worth looking anything up anymore on!,negative,-0.7543,ads · app · used
13905968236,App Store,2026-03-30,2,So Close To Leaving,"I’ve been using pinterest since at least 2010, but I’m so close to just giving up on it. The app is almost unusable - I thought at first it was just me, but looking around online a lot of people have had the issue that the app is suddenly much more touch sensitive, so you end up accidentally clicking on things constantly. And since every page is at least 60% ads at this point, you naturally end up clicking on a bunch of ads. There’s so many obnoxious autoplaying video ads, scammy Shein ans Temu and Amazon clothings ads, and SO MUCH AI SLOP. I used to love Pinterest but it’s miserable to use now, and it’s clear the company is more interested in tricking you into accidentally opening an ad than making a functional site. At least they added the option to save images so I can download all my boards and delete my account.",positive,0.8507,ads · app · used
13905708429,App Store,2026-03-30,5,Very good app you should try this out!!!!!,⭐️⭐️⭐️⭐️⭐️,neutral,0.0,pinterest · love · like
13905681809,App Store,2026-03-30,3,Fix bug,"My sections in my boards won’t show up no matter what I do. I’ve reseted my phone and the app a million times and I’ve updated the app to the latest version but I still can’t see my sections, I can only see them on like two of my boards",positive,0.4961,app · great · love
13905655845,App Store,2026-03-30,3,Lust,"Every time i open a pin it’s just women in underwear and bikinis. The explanation is that the ads are targeted for my age group and most likely my sex (Male). As a married man and a christian this is aggravating, nothing i look at would indicate this kind of ad focus and no matter how many times i report or hide those pins and configure it doesn’t matter. They just want to push ads that they know will draw your eye even if you try to alter it it doesn’t matter",negative,-0.3557,ads · app · used
13905624812,App Store,2026-03-30,2,Too many ads,"Please pull back on the ads, out of 47 pins, 29 were ads. That’s 61% ads, that can we please have at least one place where it isn’t a constant state of ads? The app is essentially useless when 61% of it is ads.",positive,0.2023,ads · app · used
13905467979,App Store,2026-03-30,1,So many advertisements!,Since when did Pinterest become only ads? Pinterest fell off.,neutral,0.0,ads · app · used
13905434536,App Store,2026-03-30,1,Fallen off and useless,"Can’t even download images and memes to send to friends, lowkey useless and just not worth the effort of trying to find things that it will actually let me download 
Trash",negative,-0.0941,pinterest · love · like
13905415454,App Store,2026-03-30,5,pinterest is my love language,"without pinterest i would be stuck between trying to find styles and different looks . you literally just search what you're looking for and it's there (mostly) . i love the variety of styles and aesthetics and the ability on this app to just be yourself . overall , no complaints and i love this app so so much .",positive,0.8992,pinterest · love · like
13905393299,App Store,2026-03-30,1,AI Cesspool,I used to absolutely love Pinterest but now it’s become absolutely unusable for me with all of the awful soulless ai posts. We need an option to turn off the ai generated results or better yet remove them from the platform entirely,positive,0.3811,ads · app · used
13905361139,App Store,2026-03-30,4,Love,Please add a feature where you can see all your past liked pins not just your viewed pins in your history!!,positive,0.6892,pinterest · love · like
13905340929,App Store,2026-03-30,4,Age category,It says 12+ but then when you look up actual age it's 13-18. Me and my mom spent hours on trying. It didn't work. Please change it on this age category. Because then it's not true.,negative,-0.6642,pinterest · love · like
13905339843,App Store,2026-03-30,2,THE ADS OMG STAWPP,I absolutely adore pinterest and luvvv to use it everyday but the ads have gotten SO BADD OMG I typically have 4 ads on my screen and 1 actual photo… like this is an actual joke and is genuinely defeating the whole purpose of the app. please please fix this,positive,0.8749,ads · app · used
13905328563,App Store,2026-03-30,1,Sections are Missing,"The update broke the website again. I used both the app on multiple devices I have and even the browser, I currently cannot access any of my sections so all those pins are completely invisible to me. Can you please fix this error?",negative,-0.4939,pinterest · love · like
13905245729,App Store,2026-03-30,1,Ads GALORE,"It’s ridiculous how many ads I see when scrolling. I see more ads than I do actual pins at this point. Pinterest used to have great and new ideas, but now it’s all junk from Amazon. Please get rid of all the ads",positive,0.7003,ads · app · used
13905206359,App Store,2026-03-30,4,Ads,I love this app. But the constant ads are beyond annoying. Trying to follow a recipe is becoming very frustrating. I guess I should get out my cookbooks!,negative,-0.7602,ads · app · used
13905174094,App Store,2026-03-30,5,Good,Good good good good good good good Good good good good good good good Good good good good good good good Good good good good good good good Good good good good good good good Good good good good good good good Good good good Good good good good good good good Good good good good good good good Good good good good good good good Good good good good good good good Good good good good good good good Good good good good good good good Good good good good good good good Good good good good good good good Good good good good good good good Good good good good good good good  good good good good Good good good good good good good Good good good good good good good Good good good good good good good,positive,0.9999,good · app · ideas
13905137171,App Store,2026-03-30,1,Mass Account Deletion,"I never write reviews but this warrants one. My account was recently deactivated for what Pinterest says is violating community guidelines and have received an email accusing me of copyright infringement. I carefully read their polices to follow the proper steps to be heard and receive help in reactivating my account by reaching out to the Help Center. I submitted 3 appeals as well as tried to submit a Counter Notification due to the copyright issue to which it says it was not necessary. I’ve tried to communicate respectfully and clearly to get this issue resolved since I have had this account and been a loyal user for years. My account is on the verge of complete deletion with the only “excuse” being that I saved one simple pin to my board as inspiration. I am not the original poster of that pin, nor was it explicit in anyway. A simple collage for a lock screen. I did not download it to my device, duplicate, distribute, or alter it in anyway. Extremely disappointing that users are being punished for using the app as the creators had intended it. Apparently this was an issue for many users last year as well and I suppose it is an issue still not resolved since it is now happening to me the same time the following year. Their help center is not worth the time since they refuse to help and send the same automated message to each of my appeals without further assistance or clarification on the matter. This issue is a massive blow to their platform and I hope more users speak out about this.",positive,0.9654,pinterest · love · like
13905092899,App Store,2026-03-30,5,No access to messages,"I love using this app.. it gives me so much information.. not a fan of all the ads but I just scroll past them.. I just updated my iPhone with the new iOS 26.2 update and now I have no access to my messages in Pinterest.. please help

Just updated version 14.2 today (1/29/26) and still no way to read messages.. my notifications say I have like 16 messages but can’t find them..

Still have no access to messages on Pinterest I have iOS 26.2.1 on my phone..

Maybe there is a way and I just need the directions

3/30/26.. not sure what is happening but every time my phone updates the ability to retrieve messages goes away..",positive,0.6093,pinterest · love · like
13905067666,App Store,2026-03-30,1,Too many damn ads 😡🙄,"This used to be a great app for keeping boards about your interests and sharing information with others. I even had a business account for my nonprofit foundation. Now it is so clogged with ads that you can’t find anything anymore! It’s ridiculous the number of ads constantly in your feed from Amazon, medications, and other junk which are utterly useless as they aren’t even applicable to me or the foundation. I now refuse the use this app. I will only browse Pinterest via a browser with my AD BLOCKER on, whether on desktop or mobile. Screw their ads and if they continue with this, they will only push users away ENTIRELY 😡",positive,0.4587,ads · app · used
13905010847,App Store,2026-03-30,5,Ai modified problem + ads,"Such a good app, gives so much inspo and I always love being able to show off my own work, the problem is that os much posts say ai modified when they aren’t at all. Most the time it is ai but theirs still plenty of posts that get that label.~~~another issue is how much little kids are on the app and it will show inappropriate adds (nothing crazy but nothing a kid should see) and I don’t even want them, I like seeing funny posts but I don’t like getting some of these ads.",positive,0.9437,app · great · love
13904981875,App Store,2026-03-30,2,Updates,Everyday the Pinterest app needs an update. This is ridiculous and it’s not saving my pins or boards because of this,negative,-0.3612,pinterest · love · like
13904944272,App Store,2026-03-30,5,Ev,Sooooooo good,positive,0.4404,good · app · ideas
13904891980,App Store,2026-03-30,5,Pinterest is so good,It’s really good because every time I’m looking for anything it shows me the good stuff I need and any memes I need it shows me good memes,positive,0.8399,pinterest · love · like
13904841620,App Store,2026-03-30,5,new app feature idea?,i think a good idea for the app would be to have a feed option with only people you follow and their content. i know already the main feed has my followers mixed in but to have a separate feed would be awesome !! that way i can keep up with everyone easier. thanks !! 🩷,positive,0.954,pinterest · love · like
13904816444,App Store,2026-03-30,1,Pinterest is TERRIBLE,"This app used to be my favorite app. I would go on it all the time, but then all of a sudden like a month ago it gave me random stuff that I wasn’t even interested in. Like it would give me Russian pins. I don’t even know Russian. It also gave me like K-pop stuff I don’t even know who these people are and I do not care I don’t. I want my old stuff back. Please fix this one Star 🤬🤬🤬",positive,0.9355,app · great · love
13904750546,App Store,2026-03-30,5,ily pinterest !!,So rn my Pinterest is glitching SOO bad I literally sat there for 35 minutes trying everything. All though i LOVEEEEEEEEE PINTEREST!!❤️🫶🤩,negative,-0.6229,pinterest · love · like
13904700577,App Store,2026-03-30,5,"Loving Pinterest, but still figuring it out",I’m still trying to figure everything out. I absolutely love the site though. My girlfriend introduced me into it. I have come out with so many great ideas and how to design my home and other things. This has been such an amazing great help. I love everything about this page. Keep up the good work.,positive,0.981,pinterest · love · like
13904532641,App Store,2026-03-30,2,"3 Pinterest posts, 9 ads",Was recently scrolling on Pinterest and I saw 3 posts within 9 ads. Used to love this app. It’s useless atp. Just an app for ads :/,neutral,0.0,ads · app · used
13904508145,App Store,2026-03-30,1,Fell off,"Pinterest used to be amazing, but now it’s overrun with ads and AI images. At any given time while scrolling on my phone, I can only see 2 pins on the screen but at least four ads at once. It sucks.",negative,-0.2144,ads · app · used
13904253341,App Store,2026-03-30,1,Muy buena la app,Muy buena la app porque así puedo dibujar o conseguir fotos,neutral,0.0,pinterest · love · like
13904074996,App Store,2026-03-30,1,Stuff Not Showing up in Collage,I things will not show up in my collages the way they were. they completely disappear when you open them. Please fix this.,neutral,0.0276,pinterest · love · like
13904048339,App Store,2026-03-30,3,fix,"the bottom widget that allows you to switch to the search or home or account page constantly disappears. it just stops coming up and i have to close and swipe up to restart the app, losing where i am. this always happens. after every update, it still happens. can't this be fixed? it's so incredibly annoying.",negative,-0.8347,pinterest · love · like
13903948449,App Store,2026-03-30,1,"Ai slop, constant ads, terrible interface","This app used to be fun, but then the constant updates to the user interface made it annoying. Now the app is overrun with ai slop or ads every other pin. If it weren’t for the years of pins, I would have deleted this account and app last year.",negative,-0.34,ads · app · used
13903789090,App Store,2026-03-30,2,what happened to pinterest?,"i miss old pinterest, it’s not even working anymore. my pinterest feed has become anything but the pins I save and check out, it recommends me the most weird and anti-me pins. what’s going on? and the ads, ai is insufferable!! and pinterest haven’t been working on my device for a few days now I have to go on safari. please return the old pinterest back :(",positive,0.5491,ads · app · used
13903767090,App Store,2026-03-30,1,Practically Unusable,"I had to hide 9 sponsored posts before I even saw 5 of the search results I was looking for. I absolutely will never buy anything from an ad on Pinterest, so it’s so frustrating to have to see so many of them. Literally more ads than content now.

Also, what is the point of the “See Less” option?  Seems like the app just shows more of what I don’t want to see. I can’t wait for someone to create a better version of this app.",positive,0.2568,app · great · love
13903730985,App Store,2026-03-30,1,way too many ads,i counted the ads and regular posts on my feed and they were about equal. thats crazy. this app is actually ruined now and i barely use it anymore.,negative,-0.6705,ads · app · used
13903652062,App Store,2026-03-30,1,"Great app, but way to many ads","There are more ads than actual pins, that the app is exhausting to go through. It used to be super great, but honestly, I’m so tired of the ads that I barely even use it anymore",positive,0.4516,ads · app · used
13903624537,App Store,2026-03-30,5,Many bugs plz fix,I’m one of those ppl who can’t last a DAY without Pinterest. U said u fixed bugs but I found lots of bugs u didn’t fix:every time I try to use Pinterest it lags and I have to wait FOREVER to use it again plz fix,negative,-0.4215,pinterest · love · like
13903544887,App Store,2026-03-30,4,Great but a lot of adds,After scrolling for around 15 mins it was only adds,neutral,0.0,pinterest · love · like
13903512862,App Store,2026-03-30,2,Just pop up ads. No longer a great website,"I can’t look at any recipe without a pop up. Cookie acceptance or rejection. For years it was a great site. If you click on a recipe it will take you to Etsy, Amazon or eBay. Maybe someone’s site but the ads popping up are worse than the early 2000s. Fix the website!",negative,-0.4199,pinterest · love · like
13903299126,App Store,2026-03-30,2,Ads….,For years I enjoyed Pinterest. But I rarely get on it anymore. The constant ads. It’s sad and pathetic. You can’t find anything just horrible ads that link you to trash,negative,-0.93,ads · app · used
13903274320,App Store,2026-03-30,1,Ads,"There’s so many adds it’s impossible to use it! Every time you click on an add by accident it automatically redirects you to the web page of the add, and the amount of adds to actual posts it’s a joke. Nothing to see just adds",negative,-0.2942,pinterest · love · like
13903069853,App Store,2026-03-30,1,So many ads!,This used to be a 5 star app. But now you have to sift through 4 ads to find 1 or 2 pins. Plus there is so much AI content now - not necessarily bad all the time but I want REAL ideas and recipes.,positive,0.6399,ads · app · used
13902908894,App Store,2026-03-30,1,Basically unusable. Stick with the desktop app.,"This app is basically useless and unusable. For every real pin, there are 4-5 ad pins. At least on the desktop my ad block hides all that nonsense. No such luck on the phone.",negative,-0.9149,pinterest · love · like
13902723996,App Store,2026-03-30,5,Fav App,"My favorite app, I keep learning new things♥️",positive,0.802,app · great · love
13902461053,App Store,2026-03-29,5,HELP! Pinterest Issue,"Hi! What happened to Pinterest? After the last update, 14.11.1, two days ago, it won’t open! I tried to reinstall it, but it’s still not working. Please help. Thanks.",negative,-0.2649,pinterest · love · like
13902345253,App Store,2026-03-29,4,Pls read this,It won le me each videos it justs has th loading symbol but it never plays and I've checked my WiFi and it not it! Othe than that I LOVE the app!,positive,0.8665,app · great · love
13902214000,App Store,2026-03-29,1,ꜰɪx ᴛʜɪs,I love this app so much but I don’t know what’s going on right now recently in the past couple days it’s been showing me stuff that I hate reporting is saying CSO and it keeps showing up on my Little page. I updated that app I don’t know what’s going on. Please fix this.,negative,-0.128,app · great · love
13902191493,App Store,2026-03-29,1,"Laughably inconsistent, incomprehensible UX design","The individuals in charge of app ux design at Pinterest DESPERATELY need to…

1. Communicate, align, and get things behaving consistently after you pin a post from the search tab, board suggestions, or personal homepage. Competitive levels of incompetence. Why TF does the navigation directly after pinning behave differently within each of those? 
2. Be demoted and docked pay.

Genuinely incomprehensible decisions. I love Pinterest, to the point that I will continue using it despite these complaints, but my word. Amateur would be an understatement.",neutral,0.0161,pinterest · love · like
13902172955,App Store,2026-03-29,5,I love it,I love this app so much it is so easy to read what you like and you can text your friends and I made lots of good friends and got lots of clothes and jewelry from Pinterest and I highly recommend it,positive,0.9696,pinterest · love · like
13902004285,App Store,2026-03-29,2,BLANK SCREEN,"This new update stinks. I open the app and.... nothing but a blank screen. I deleted the app and reinstalled, and the same thing.   C'mon, Pinterest...will you finally give us a bug-free update??",negative,-0.2168,app · great · love
13901992719,App Store,2026-03-29,4,Too many ads,Very good app but the ads are excessive every scroll is an ad and I am barely able to see actual pins because the ads that are in the way,positive,0.2724,ads · app · used
13901955210,App Store,2026-03-29,4,Glitching,"I love this app so much, but I’m always having an issue with the search bar disappearing. When I click a pin on the homepage and go back, the bar on the bottom disappears and I have to close out of the app. Iv updated the app and it didn’t fix anything. Please please fix your bugs",positive,0.6597,app · great · love
13901924817,App Store,2026-03-29,1,Ads,"Nothing but ads now. Unusable, pointless. So disappointing.",negative,-0.77,ads · app · used
13901776335,App Store,2026-03-29,4,Disappeared,I love looking at so much but I’m very unhappy that now it disappeared completely I tried everything to bring it back but it doesn’t work. Guess I’ll delete the app definitely.,negative,-0.0873,pinterest · love · like
13901771847,App Store,2026-03-29,1,Disappointed,I can’t see profiles under pins anymore and I can’t find them either fix this issue! Why can’t I swipe through pins too. Not to mention I can see the favorite button why is there always a issue also what happened to sections there gone I can’t see them,positive,0.5093,pinterest · love · like
13901679241,App Store,2026-03-29,3,Ratting,Good. Very good. But I wish they had more on what I’m looking for. But very good I love it!💜🥷,positive,0.9605,good · app · ideas
13901643110,App Store,2026-03-29,3,Cool?,It’s not fluffing letting me put my birth date ✌🏼😭,neutral,0.0258,pinterest · love · like
13901615430,App Store,2026-03-29,5,Too many ads,Love it. Been using for many years but it’s more ads than pictures now.,positive,0.3818,ads · app · used
13901585680,App Store,2026-03-29,1,Disappointing,"this used to be a beautifully curated app. now it’s AI slop, 90% ads and simply no longer a good app. so disappointing",positive,0.228,ads · app · used
13901535976,App Store,2026-03-29,1,Lost my Pinterest access,Lost my account due to sign in changes. Now I can’t access Pinterest at all!! Can’t even open a new account!!,negative,-0.5374,pinterest · love · like
13901453652,App Store,2026-03-29,2,New update is frustrating,"Genuinely my favorite social media app! I have been a long time user, but this new update the entire feed is ads with some posts and the tap is so sensitive that if you accidentally scroll differently it will send you to amazon or some other website. Very disappointed as now I just get annoyed every time I try to use it.",negative,-0.8531,pinterest · love · like
13901359412,App Store,2026-03-29,2,Newest update kicked me out,"The very thing was good, but today when I opened Pinterest everything was loading, so I deleted it and got it back again it worked but when I pressed it I
There wasn’t even the button to save it, and then sometimes it just loads like forever",positive,0.8635,pinterest · love · like
13901342898,App Store,2026-03-29,5,Da pintrest way,Pintrest literally gives you anything you can ask. Im Ngl I’m a “pintrest humor” kinda girl and that’s a good thing🌸🌸👌👌🤣🤣,positive,0.9664,pinterest · love · like
13901334539,App Store,2026-03-29,4,I like Pinterest,It is really helpful when you want a cute aesthetic wallpaper or home screen,positive,0.7501,pinterest · love · like
13901267993,App Store,2026-03-29,5,Pinterest is the best!,I love this app so much bc you can make your own thing based off of other things,positive,0.6369,app · great · love
13901240357,App Store,2026-03-29,5,FIX IT,OK when I go on Pinterest The screen is broken but I thought I was just tripping. I got off of Pinterest and went back on it but it just keeps doing it like when I go to The little person it’s still buffering fix your app I’m tired of this-,negative,-0.1738,pinterest · love · like
13901198667,App Store,2026-03-29,4,Please fix,"I love using Pinterest. It’s a great source for ideas, how tos, recipes and more. Recently I’ve found whenever I open a post that I can’t go back to where I was at in my scrolling. It takes me back to the beginning of what I see when I first open the app that day. It is frustrating to waste time looking at the same posts so I quickly close out.",positive,0.5574,pinterest · love · like
13901179178,App Store,2026-03-29,1,Nothing loads???,"so basically, everything is fine and dandy until these past two days. It doesn't load, it doesn't let me search, it doesnt let me do anything. IVE reinstalled it and everything, my internet connection is fine, please help me with this.",positive,0.765,pinterest · love · like
13901165704,App Store,2026-03-29,2,maybe more ads?,Used to love Pinterest for inspiration but now every time I go to click on something it’s an add for Amazon… smh,positive,0.2144,pinterest · love · like
13901028478,App Store,2026-03-29,5,Peak,This app is soo good I love the constant updates!,positive,0.8122,app · great · love
13900917130,App Store,2026-03-29,2,0,"O
O
O
O
O
O
O
O
O",neutral,0.0,pinterest · love · like
13900641463,App Store,2026-03-29,5,Love it,Very refreshing!,neutral,0.0,pinterest · love · like
13900559542,App Store,2026-03-29,5,Doesn’t work for iPads?,I tried to get it on my iPad but even if I deleted it and downloaded it again it didn’t work and I googled it and it seems it’s not working for anyone who has a iPad or any I device. I like Pinterest tho so ig I js can’t get it.,positive,0.5023,pinterest · love · like
13900545405,App Store,2026-03-29,2,"Used to be great, too much ai slop now","Pinterest I genuinely used to love your app; it was one of my favorites. I barely use it anymore due to all the ai slop being forced on users while they’re scrolling. Big corporations simply need to understand that forcing ai down people’s throats isn’t good for their business, and that they will inevitably suffer loss of loyalty from users who are anti-ai. We know about the environmental impacts of ai and how it hurts REAL artists. Y’all will inevitably be losing Pinterest users, if you don’t stop with this ai nonsense, sincerely someone who misses the pre-ai internet. Please change for the better.",positive,0.34,ads · app · used
13900514239,App Store,2026-03-29,1,Won’t let me sign in,It won’t let me sign in when I put in my age,neutral,0.0,pinterest · love · like
13900489928,App Store,2026-03-29,5,Love it,It slays,neutral,0.0,pinterest · love · like
13900478699,App Store,2026-03-29,4,Freeze and lag,"I could be doing something on there and for some reason it freezes, or when I’m scrolling on a post or page it randomly scrolls me up to the top of the page so i have to look for what i was looking for again 😭😭😭 like when scrolling down looking for something, it zooms me back up after i save a pin. I’m bad at explaining, I’m sorry 😭😭",negative,-0.9169,pinterest · love · like
13900473702,App Store,2026-03-29,2,was a great app before,"i used to love this app and still use it fairly often for finding hair/makeup inspo, but now that literally every other post is an ad it’s a lot harder to find good posts. not to mention you’ll click on what looks like a cute pic and it takes you to amazon… idk. it’s pretty hard to like now.",positive,0.964,pinterest · love · like
13900452765,App Store,2026-03-29,2,"With every update, they erode it a little more.","The latest update has made the feed nearly unusable. Images no longer reflect my interests, and tuning the feed changes nothing. The algorithm has stopped listening. Ads have also multiplied, and none of them are relevant. The decline started when Pinterest tried to reinvent itself as a social media platform. No one comes here to gain followers or make friends. That is what Instagram and TikTok are for. Pinterest was something rarer: a focused tool for inspiration, vision boarding, and brand building. That distinction had real value. With every update, they erode it a little more.
My guidance: stop trying to be everything. The thing that made Pinterest worth recommending is still in there somewhere. Find it again.",positive,0.9008,pinterest · love · like
13900340783,App Store,2026-03-29,1,Not opening app,"It won’t let me even open the app. It just sits there and shows the icon, but doesn’t load.",neutral,0.0,app · great · love
13900241966,App Store,2026-03-29,1,Too many ads,"I live Pinterest and I’ve had it for years but it’s ads have gotten out of control. There’s more ads than there are pins. It’s reached the point when every time I scroll one pin is surrounded by 3 ads. 

Update: it got worse. Now there’s a whole section for ads. I’m going to delete this app.",negative,-0.5499,ads · app · used
13900226337,App Store,2026-03-29,5,(I put five so you can see) after a few weeks not worth it!,I had it for about 2 weeks after that search bar disappeared. It stopped working and I deleted then downloaded it again. It still refused to work. PLEASE FIX ⚠️⛔️,negative,-0.4883,pinterest · love · like
13900217937,App Store,2026-03-29,5,The BEST app for everything!,Love it!!,positive,0.6988,love · app · pinterest
13900160901,App Store,2026-03-29,1,The way this app operates high key sucks,I’m extremely tired of my feed automatically scrolling to the top after I save a pin. It’s extremely annoying. The amount of ads is absolutely ridiculous. If there was another app just like this one I would’ve deleted Pinterest a long time ago.,negative,-0.3567,ads · app · used
13900105145,App Store,2026-03-29,3,App needs a fix,"Ever since the last update; I hate the way when I tap on something on the homepage to be taken to that post, and then tap the “back” arrow to go back to the homepage, it takes me all the way back the very top of the page instead of back to where I left off in order to continue from there. Then I am forced to start all over and try to figure out where I was in the homepage last in order to continue browsing from there. It’s very very irritating. Eventually, I just give up and close the app out and go do something else. Please fix it!

Update: And lately I don’t have a star at the bottom of the pins in boards to mark them as a favorite. Please give me back my star! 😡🤬",negative,-0.4875,pinterest · love · like
13900067020,App Store,2026-03-29,5,Pintrest,I love it so much it has the best quality of pictures 🥹,positive,0.8555,best · app · apps
13900050347,App Store,2026-03-29,5,Pinterest,I’m obsessed with this app. Every time I go in this app I see what I want to look at. Everyone who didn’t try it you should!,negative,-0.1759,app · great · love
13899989630,App Store,2026-03-29,2,We need a fix asap,You can’t see anyone of the unorganized saves for other people on iPhone and ipad,neutral,0.0,pinterest · love · like
13899923496,App Store,2026-03-29,2,The new boards sucks,"I like pintrest, but your recent updates have been very inconvient for the experience. Especially the most recent one where they a new board for you. First of all, I preferred the old version where they organized your boards by which one you added pins to most recently. Now they are organized at random and making it inconvenient when I want to quick add pins. These now curated boards called “made for you” are so unnecessary. They’re more of an interruption into your own feed and such a pain if you accidentally add a pin to there. No matter how many complaints I put in about this update there are no changes. At least have an option for people to turn this feature off.",negative,-0.9615,pinterest · love · like
13899753915,App Store,2026-03-29,1,Do you like ads?,"If carefully curating an endless barrage of targeted advertisements and AI slop is your favorite way to spend your precious free time, then THIS is the app for you.",positive,0.8885,pinterest · love · like
13899006610,App Store,2026-03-29,1,I’m sad and very disappointed,Pinterest has hit rock bottom. So many adds and it recommends me things I’ve never been interested in. The adds are unnecessary and annoying I miss old Pinterest. I miss being able to go in the app and find art inspo and new hobbies to try not amazon and eBay. If the Pinterest executives care about their app they’ll make some changes,negative,-0.3769,pinterest · love · like
13898803119,App Store,2026-03-28,2,Nothing but Adds,Trash,neutral,0.0,pinterest · love · like
13898709360,App Store,2026-03-28,1,Unusable on newer phones,"I’ve put up with this app for years, but after getting a new phone the app became borderline unusable. It’s difficult to reload your profile, and you can’t see all of your boards on your profile at once. And there’s the other big issues, of course, such as the insane amount of ads, regular looking pins redirecting you to websites when you click on them, and the amount of pins that are falsely flagged as being ai-generated/modified when stuff that’s obviously made with ai doesn’t get flagged at all. And, they regularly take down pins which do not violate any regulations and have had thousands of users banned for seemingly no reason. I absolutely would not recommend Pinterest until they at least make it somewhat stable (which I doubt they’ll ever do, given their track record).",negative,-0.9338,ads · app · used
13898578246,App Store,2026-03-28,5,Ever since update,Ever since the update I open my Pinterest to a gray pin and it wont let me access my messages at all,neutral,0.0,pinterest · love · like
13898523169,App Store,2026-03-28,5,I knew it!,"My whole life I felt fishy with Pinterest. It was always showing up with pictures of me. then one day, my friend Austin said that I was being creepy for all my usernames being named after him... so he started posting pictures of me on Pinterest doing weird dances. so I went over to his house and found him in the middle of the night. he wasn’t scared. He knew this day was coming, everybody does don’t they. he hid under his blankets. I ripped the blankets off of him. then I came in for something I normally don’t do. I fell in love with Austin. that explains why I always had creepy usernames named after him! and that kiss felt good real good! just for you Austin if you’re out there, you mean a lot to me and I wanna be more than what we are. everybody reading this I’m so happy you tuned into this point and listen to my whole life story!",positive,0.956,pinterest · love · like
13898500446,App Store,2026-03-28,5,Omg I love this app,I love this app so much but the only problem I have is that we can save pictures to our photos but not videos and the videos are the best part if we could fix this minor detail I’d love this app even more,positive,0.9513,app · great · love
13898499469,App Store,2026-03-28,2,App doesn’t work after last update.,"App opens, but everything is blank.",neutral,0.0,app · great · love
13898486960,App Store,2026-03-28,2,The well known Ad problem.,"Used to absolutely adore Pinterest but the ads have gotten way out of control. First off, the main issue is way too many ads. I understand needing ads to support an app, but it’s just ad after ad after ad. I have a screen recording of my Pinterest grid of 20+ ads in a row. No pins in between. Second issue, half the time clicking on an ad on the main grid screen will automatically open a new tab and take you off the app, instead of making it larger, like what would happen if you tapped a normal pin. Third, some advertisers don’t have a profile, or at least you can’t click on their profile through the ad, so you can’t open it to block them.

Would love to see something done about this issue especially since everyone who I know who uses Pinterest has this same complaint of too many ads. Unfortunately my go to is now just using google instead for recipes and sewing :/",positive,0.1018,ads · app · used
13898485650,App Store,2026-03-28,2,Too much AI,"Pinterest used to be so wonderful, so much inspiration and beauty came from this app now it’s 90% AI and it completely lost its authenticity.",positive,0.8916,pinterest · love · like
13898411698,App Store,2026-03-28,1,Wrongfully deleted my account,"My account was almost 15 years old and was suddenly permanently deleted for “spam” even though I did nothing malicious or inappropriate.

I lost years of saved content, including deeply personal and irreplaceable things like my nana’s handwritten recipe cards. She passed away and I will never get those back.

I reached out multiple times and only received automated responses with no explanation or warning, so I still don’t understand what happened. I also tried messaging on Instagram and never heard back.

I am sharing this so others can protect their personal content and understand the risks.",positive,0.7782,pinterest · love · like
13898347400,App Store,2026-03-28,5,Bernard337,"I enjoy the food great idea,the clothes is not my style I’m in my 60 thanks have a great night 🙏🏽",positive,0.936,pinterest · love · like
13898301163,App Store,2026-03-28,5,😄,I lub it ☺️,positive,0.4588,pinterest · love · like
13898191536,App Store,2026-03-28,4,It’s dominant,"Although it has videos and photos, the issue is that if I search something up sometimes it shows different related results but not quite what I’m asking for, thanks",positive,0.5927,pinterest · love · like
13898168226,App Store,2026-03-28,5,beautiful😍,Love itt so fun,positive,0.8313,love · app · pinterest
13898115890,App Store,2026-03-28,5,I love it!,"I’m loving Pinterest so much! Sometimes i find myself on it for hours! It’s helpe me find great ideas, cooking instructions, and much more! Thank you for this app!!🔥☺️",positive,0.9268,pinterest · love · like
13898083837,App Store,2026-03-28,5,My savior,"I absolutely love Pinterest, I don't know what I'd do without it. I use it every second of the day for making aesthetic boards for my over 30 ocs and fandoms I'm in. I adore it. But I've been having trouble just loading into it after the most recent update as of yesterday. The home page will load but if I click on the search or my profile where my boards are, it's stuck on the loading screen or completely freezes. And even if I reload the app it does the same thing. At first I thought I was just moving to fast and it was lagging, but even after I let it sit after opening the app it was still extremely laggy and didn't load. I have to open and close it multiple times before it works. It's already done this multiple times today and I don't know what to do. I don't know if its just on my end or a bug in the update. But overall this app is AMAZING and I adore it",positive,0.8384,app · great · love
13898063221,App Store,2026-03-28,1,Worst App Ever,"Saw a picture that reminded me of cole fifer, and i dont want to see shut you nipple on my screen, and weird images of car breaks this app should be 18 plus i saw weird things",negative,-0.3863,pinterest · love · like
13898051438,App Store,2026-03-28,1,doesn’t work,THIS DOESNT EVEN WORK. EVEN I TRY TO RE DOWNLOAD IT DOESNT WORK!,neutral,0.0,pinterest · love · like
13897933959,App Store,2026-03-28,1,Literally just no,"Okay so first I tried to create an account but it said EVERY SINGLE TIME that I wasn’t eligible to sign up. I love Pinterest it’s a great app, but not so great anymore since I can’t use it. I’m literally so mad and confused like I‘ve signed into Pinterest multiple times and it’s never done that. Like seriously?",negative,-0.4103,app · great · love
13897827622,App Store,2026-03-28,1,Used to be great not terrible,"This app was my go to for all things creative, whether it was foods or crafts or many other things. It has become horrendous to use because of all the pop up ad. Just terrible.",negative,-0.6124,app · great · love
13897812163,App Store,2026-03-28,5,The queens review,I love Pinterest you can search up any pictures you want and it would give it to you u can also customize and make your own stuff I usually use it for pufits and hairstyles also use it when I’m bored love Pinterestᥫ᭡ by-The queen,positive,0.8225,pinterest · love · like
13897795554,App Store,2026-03-28,5,I luv u Pinterest!,"Ok so while the whole review section is complaining about ads I’m gonna tell you what I LOVE about Pinterest, so first of all the people are so nice and idk about yall but us teenage girls on Pinterest have some awesome inside jokes and I just love that wherever I turn there’s always SOMEONE who shares at least one interest with me and I can reference the most unknown thing and still SOMEBODY will know what I’m talking about so thank you Pinterest for that",positive,0.9852,pinterest · love · like
13897765991,App Store,2026-03-28,5,New fav app,My new fav app this is fun to doomscroll and I get to watch funny vids and fun stuff to relate to this and can you guys add mini games and mini shows? Thanks 🙏,positive,0.9371,pinterest · love · like
13897756665,App Store,2026-03-28,1,Another loss to capitalism,This app is basically unusable now with all of the ads and pushing to shop each and every item in a pin. There are no fresh ideas or material on there anymore. All just trying to sell something.,negative,-0.2411,ads · app · used
13897744721,App Store,2026-03-28,5,This app is AMAZING!! ✨✨,"I absolutely LOVE this app. It shows what I’m interested in and gives me motivation A LOT!! Whoever created this app, THANK YOU!!! I really do “pin my interest”! It even shows fandoms I’m in, creativity, art, drawing, silliness, and other fun hobby!  This is the type of app that shows new things that I could try out! 5 stars ❤️",positive,0.9671,app · great · love
13897714599,App Store,2026-03-28,1,Dont update!,Last update got rid of the dont want to see this pin feature and added so many ads home feed is 99% ads now. Will delete if not restored,negative,-0.3089,ads · app · used
13897665577,App Store,2026-03-28,5,Pinterest Forever,I am okay with being addicted to Pinterest it the best,positive,0.7269,best · app · apps
13897623945,App Store,2026-03-28,1,It’s all junk from Walmart and Amazon,This whole app is nothing but junk from Walmart and Amazon. I do not use Amazon at all and dislike Walmart intensely. That’s what 70%of the pins I see are. I don’t want to see their junk and I can’t block them. App is not very good.,negative,-0.8739,app · great · love
13897506209,App Store,2026-03-28,5,☆☆☆☆☆,Súper app ★★★★★ stars!!! And it helps me alot When Drawing!!,positive,0.5815,pinterest · love · like
13897327074,App Store,2026-03-28,5,THE BEST!!!,"This app is my favvvvvv!!,!,!,,!!",neutral,0.0,app · great · love
13897319371,App Store,2026-03-28,3,Good but lowkey a problem,So I love Pinterest but one thing I don’t like is that when you save something to your board it shows on your Saved Pins so and when you delete it from your Saved Pins it deletes from your board so pls fix this,positive,0.9628,pinterest · love · like
13897139702,App Store,2026-03-28,5,5 star,I really love Pinterest because it has everything and cool photos and facts that’s I could learn something new and interesting,positive,0.8588,pinterest · love · like
13897135478,App Store,2026-03-28,5,Goddess app,I don’t like it…………….I absolutely love it!!! Pinterest helped me out with my creativity and confidence so thank you Pinterest,positive,0.9517,pinterest · love · like
13897089821,App Store,2026-03-28,1,Its not the same anymore,This app used to be SOO good but now it’s not even giving me accurate searches!  And theres SO MANY ads like I had 11 ads in like 2 scrolls and 3 ACTUAL pins. Rename your app to Capitalist Pinterest because it’s BAD. It’s also flooded with AI and the search bar is soo sensitive! Like I wont even look anything inappropriate up and it still says it cant show me anything🙄 It ALSO feels racist because I could look up for example: Korean girls and I GET Chinese people (I have no problem with Chinese people) but it feels racist and stereotypical too. Don’t get me started on the photo search…Its NOT EVEN ACCURATE! Or I can look at a photo of a cute hairstyle and I get recommended something COMPLETELY DIFFERENT! It just feels like I’m shopping for something instead of looking for pictures…If you want that so bad why don’t you just make a separate online shop? Don’t trust these good reviews because it’s bad. I would switch to another app but I can’t. Just a huge cash grab for this greedy zionist owner.,positive,0.3632,pinterest · love · like
13897071912,App Store,2026-03-28,5,I love Pinterest,I love Pinterest because my mom will not let me get YouTube and on my phone. I have this and it’s just like looking at pictures and you can get on a videos. That’s why I love this app.,positive,0.8979,pinterest · love · like
13897033656,App Store,2026-03-28,5,Amazing!!,I love this app! It’s very appropriate for kids too! I personally love to draw and these ideas of what to draw are awesome. I would totally recommend this app for every one; all ages.,positive,0.9507,app · great · love
13896778329,App Store,2026-03-28,1,Broken,"After the latest update, the app is more than broken. It never opens and all I see is spinning on each pin. No graphics, no text, nothing is visible. It’s just all greyed out and spinning.",negative,-0.5705,app · great · love
13896760460,App Store,2026-03-28,1,Turned to AI Slop,"I’ve been on Pinterest for many years. Unfortunately, it has now rendered itself completely useless. It’s nothing but AI and slop posts/recipes that either lead to nowhere or spam, or littered with ads. And no amount of setting changes and reporting of posts  improved the situation. The fun creative aspect of Pinterest has been destroyed. Deactivating and deleting my account. Uggh. Dark times.",positive,0.7406,ads · app · used
13896626285,App Store,2026-03-28,5,Love it!,I love Pinterest! The only problems I have is that every time I tap the see less like this button I see more of it,positive,0.6122,pinterest · love · like
13896561232,App Store,2026-03-28,1,TOO MANY ADS. You will not last if you don't fix it,Pinterest really screwed up with this ad increase. Do you realize that your main users liked pinterest for its lack of ads and being quieter then other social apps?? Now you're just like facebook. Can't even view boards without ads inbetween. Really killed the pinterest vibe.,negative,-0.6537,ads · app · used
13896507254,App Store,2026-03-28,5,Get Pinterest immediately!!!,I got Pinterest because it always helps with ideas back to school shoes which are soooooooooooooooooooooooooo cute and also very cute hair inspos and better wallpaper ideas than google and safari.  This is why YOU need to get Pinterest LIKE RIGHT NOW !!!!!!!!!🤩🤩🤩😀♥️♥️,positive,0.98,pinterest · love · like
13896442936,App Store,2026-03-28,1,"All ads, can no longer “search” for anything",The search bar isn’t a search bar anymore. Good luck trying to find any pins outside what you normally search/interact with. And it’s only ads anyways. You might see 1 pin for every 5 ads.,positive,0.7096,ads · app · used
13896349090,App Store,2026-03-28,5,Ily Pinterest,"Pinterest is the best. So relaxing, organized, and aesthetically pleasing.",positive,0.9138,pinterest · love · like
13896315128,App Store,2026-03-28,3,Very good but show me New stuff,App is good but I hate to see things that I already saw already in this app. It would be refreshing for my page to actually be different than just being the same thing.,negative,-0.6249,app · great · love
13896301061,App Store,2026-03-28,5,Noooo!,"I love pintrest! But when I go to my notifications and someone has done something with one of my comments and I click on it to go to the pin and I delete the notification, the bottom bar goes away.!! Also every single video says’ this video is still processing! Come back later’ and when I tap on it, it isn’t processing",positive,0.5815,pinterest · love · like
13896164802,App Store,2026-03-28,4,bug fixes,"Great app! Absolutely love it, but pins show up on my feed that i have never engaged with.",positive,0.4022,app · great · love
13896155868,App Store,2026-03-28,5,🫶,I love u 🥰,positive,0.91,love · app · pinterest
13896129291,App Store,2026-03-28,1,Way too many ads,This app sucks. Try opening up a recipe without 17 ads popping up preventing you from scrolling/viewing the recipe.,negative,-0.3818,pinterest · love · like
13895856559,App Store,2026-03-28,5,Cute really like it would stay here the hole day🥀❤️🌹,Love it,positive,0.6369,love · app · pinterest
13895657556,App Store,2026-03-28,5,BRING BACK WIDGETS!,Please!!,positive,0.4374,pinterest · love · like
13895626825,App Store,2026-03-28,2,Certain ads can’t be hidden.,"The ads on this app have become increasingly frustrating. I try to go through and hide all the ads for a long scroll (sometimes I end up hiding 75% or more of my screen because a bunch of ads happen in a row) then I scroll back up to the top so I can look at things without the ads dominating the space, only to find that several of the ads I had already hidden, we’re back in full view. Now the last few days there are certain ‘multi page’ ads that can’t be hidden. The button is still there, but when you click it, nothing happens. Anytime that has happened, I stop using the app, and unfortunately because it’s become increasingly more common, I have used the app less and less. I am very strongly considering going through my saved pins, and documenting them another way, so I can stop using this app and not have to deal with being inundated with ads in every facet of my online life. I seriously hate it.",negative,-0.8724,ads · app · used
13895405059,App Store,2026-03-28,5,One issue,"I love this app, very much, but, lately I am having trouble getting it to load on my iPad.",negative,-0.2382,app · great · love
13895392220,App Store,2026-03-28,1,90% Ads,"Pinterest used to be a go-to spot for inspiration, but the amount of ads, particularly Amazon, on both mobile and desktop make the site practically unusable. I counted the amount of ads I got on one desktop search, and of the first 20 results, only 7 were actual posts.",positive,0.5704,ads · app · used
13895183782,App Store,2026-03-27,1,Quality has gone down completely,"I used to love this app I’ve had it for years now and the quality of it has gone down drastically in the past year so many more ads pop up and now they are even in my pin boards like come on Pinterest. So many pins get “reported” that don’t even need it, I had a pin saved to my drawing board of different nationality’s noses and it got taken down because it was deemed “inappropriate” I’m definitely gonna to delete my account I find something with better value. So disappointing Pinterest.also their editing options when creating collages is absolutely terrible. If you used to add or remove tools it doesn’t matter if you erase something it will just automatically put it back, it’s very frustrating.",positive,0.8281,ads · app · used
13895100461,App Store,2026-03-27,1,I put my birthday but you’re saying that’s wrong,That is my birthday,neutral,0.0,pinterest · love · like
13894995009,App Store,2026-03-27,5,Please read,"Alright, I added 5 stars so they can see this message, but I tried resetting my entire device, my network system, everything, but no matter what I tried, Pinterest would not work and load properly, I could not even get into the app, and my wifi and internet connection are completely fine, full bars and everything. Please fix this problem Pinterest.",positive,0.346,pinterest · love · like
13894988718,App Store,2026-03-27,1,cesspool of advertisement,Way too many ads its really annoying and has actually ruined Pinterest.,negative,-0.7264,ads · app · used
13894942034,App Store,2026-03-27,2,Waste.,"Outside of excessive ads and obsession with a certain demographic, why do you need access to your photos to post a pin when you’re using a link? You can’t even access the link option without giving photo access. Everyone’s obsession with wanting photo (and location) access is getting weirder.",negative,-0.6412,pinterest · love · like
13894901013,App Store,2026-03-27,5,Inspirational!,Loveeee this app. It's like social media but peaceful. It focuses on showing you photos that will inspire you to make your life more exciting and more you:),positive,0.9504,pinterest · love · like
13894841723,App Store,2026-03-27,5,Amazing! But one tiny thing…,"Pinterest is fun, motivating, and helps you show your creativity. It has everything from k-pop light sticks to kawaii outfits. It’s definitely one of the best apps for all ages, even thought it’s 13+. Wait that came out wrong, but what I mean is that Pinterest is super encouraging if you’re feeling down or bored. But, if you’re new, it can be quite difficult to know how to post/create something. For example, when I first joined, I couldn’t figure out why my picture wasn’t showing up on my screen. I tried closing out my tab constantly, but it would never show up. I later asked my friend for help and she helped me! Though this app is very delightful, it’s hard to figure out how to use it if you are new. I do think you should get it though and have a good day!",positive,0.9856,pinterest · love · like
13894799376,App Store,2026-03-27,1,Deleting this app officially,"I’m so done. I’ve had my Pinterest account for years, but it’s not worth keeping anymore. The insane amount of AI garbage, the constant ads, and the glitches within the app itself are ridiculous. I’d rather not deal with this headache anymore. This app used to be such a gem.",negative,-0.8316,ads · app · used
13894655219,App Store,2026-03-27,3,Please fix the bugs,"So whenever I try to sign up for it, it says that something went wrong on their end. This is really inconvenient. Please fix soon",negative,-0.4964,pinterest · love · like
13894613210,App Store,2026-03-27,5,Tuff app,Awesome app but it doesn’t let me log in anymore on my email or apple! Pls fix immediately!,positive,0.555,pinterest · love · like
13894595588,App Store,2026-03-27,3,fix the bugs!!,I love Pinterest but there is horrible bugs. All I’ve been seeing every time I open the app is colors squares and titles. Pinterest is honestly good but fix the bugs!!!,positive,0.7633,pinterest · love · like
13894512570,App Store,2026-03-27,5,Pinterest,I like all the pictures and what I like that they show what I like about myself and all my   Aesthetic,positive,0.7579,pinterest · love · like
13894497596,App Store,2026-03-27,1,It doesn’t,Any time i open the app it stays on its loading screen and it’s really annoying and also I have tried to do everything and no nothing works on Pinterest,negative,-0.6361,app · great · love
13894449828,App Store,2026-03-27,1,Doesn’t work on iPads,The app straight up doesn’t work on iPads. It just closes anytime I try to open it. Garbage. Because I would rate it 4 stars because it works lovely on my phone. But yet iPads is where it draws the line? No amount of reinstalling the app or rebooting my iPad will fix it.,neutral,0.0129,app · great · love
13894206623,App Store,2026-03-27,5,Good!,I love it for when I need to do my hair or get a new background it’s perfect for when I’m bored over all it’s pretty much good.,positive,0.9169,pinterest · love · like
13894194202,App Store,2026-03-27,5,I love IT SO MUCH,"whenever I use google it’s so bad and has bad quality also doesn’t have what I’m looking for, but Pinterest does! Top 3",negative,-0.4745,pinterest · love · like
13894129561,App Store,2026-03-27,1,Hi,Sorry for the one star Tung Tung Sahur took my phone,negative,-0.0772,pinterest · love · like
13894101529,App Store,2026-03-27,5,Me encanta,Me ayuda sin duda es la mejor app,negative,-0.5574,app · great · love
13894084993,App Store,2026-03-27,5,Great app!,"This app is great in MANY ways. You can post your creativity on here, share it with others, and is great for inspiration for other creators.",positive,0.9468,app · great · love
13893970609,App Store,2026-03-27,4,"If you update every week, do it right.","It feels like it gets more laggy an buggy every time you update it, if you update, do it right.",positive,0.3612,pinterest · love · like
13893854506,App Store,2026-03-27,4,???,I LOVE Pinterest but lately when I’m searching something it’ll show me just the same 2 pictures that are COMPLETELY unrelated. Like one of them is a dark neighborhood and the other is cute core Charlie Kirk??? I’m confused and it’s lowk irritating but other than that I love this app. :),positive,0.9522,pinterest · love · like
13893844061,App Store,2026-03-27,5,It’s sooooooo goood,Perfect ideas for everything and you can’t get anything that it doesn’t have an idea for!!!,positive,0.6784,pinterest · love · like
13893826657,App Store,2026-03-27,2,Ai,I deleted the app because the little ai button is in the way of scrolling and I accidentally kept tapping it. I’m so tired of being forced to use ai everywhere.,negative,-0.8458,pinterest · love · like
13893805581,App Store,2026-03-27,2,I’m tired.,"I love Pinterest and have been using it for nearly ten years. I have boards from over six years ago that I still use, however I have been growing progressively more frustrated with the app. Everytime I open the app it is a gamble as to wether my Home Screen will have the same layout and if I will have to spend time relearning where all the buttons are or will be reverted to an old version. For example a few months ago Pinterest added a feature to the home discover page where you could swipe left and right between discover pages for each of the boards you’d like to see. At first I did not see the point of this feature but have grown to love being able to just open the app and scroll through similar ideas for my niche boards without having to go into the board itself selecting the section and then looking at “more ideas”. Today I opened the app and the function to swipe between boards on the Home Screen was gone. I am honestly just fed up at this point. I understand adding new features to accommodate changing trends and such but this has gone too far. I can’t tell you how many times I’ve opened the app to a new layout, shown my friends only to discover we all had DIFFERENT LAYOUTS on the goddam home page!!! The inconsistency is irritating. I would expect this from a new app/startup but Pinterest is neither of those. I am now looking for alternative apps. Pinterest I hope you’re happy because I am certainly not.",positive,0.9699,app · great · love
13893687490,App Store,2026-03-27,1,Fraudulent Advertisers,"Tons of advertising, many fraudulent over seas foreign advertisers, false product advertising and failed 3rd party shipping companies. These product advertisements take your money with no indication they are incapable of order fulfillment.  Delete this app or never purchase off these advertisements!!!",negative,-0.8582,pinterest · love · like
13893626764,App Store,2026-03-27,1,Focus on customer satisfaction,"The app is filled with AI content, there are more ads than actual content, clicking show less of a certain type of content does not work, reporting offensive content does not remove it from the feed, and the hide button rarely works",positive,0.3851,pinterest · love · like
13893573684,App Store,2026-03-27,4,saving pins,"hey! ever since i updated my pinterest, it’s been acting weird. so i have boards with sections in it, and when i go to the recommend page of pins for that section, it saves it straight into the board, and it doesn’t let me pick what section i put it in. and it’s really annoying. pls fix this!!!",positive,0.3513,pinterest · love · like
13893486149,App Store,2026-03-27,4,lil buggy 🐛🐛,"the comments on my pins I post will randomly turn off and I keep having to turn them back onnnnnn!!! also letters and numbers keep disappearing from comments (like A, C, F) but only when it’s capitalized?? and also when you swipe down on a pin to exit it instead of hitting the back button it freezes up 👎 last but not least STOP USING AI!!!! the annoying “ai modified” keeps showing up on non-Ai pins 🤒 that’s all. love, CD 💿",positive,0.5845,pinterest · love · like
13893416708,App Store,2026-03-27,4,Too many dang ads!,"I've loved Pinterest for years! It's given me so much creativity and I love endlessly scrolling and seeing the fandoms I love. But oh my gosh, this app is overrun with so many ads, it's exhausting. I will click on a pin and there are more ads than pins beneath it. Please Pinterest, fix it! I don't want to see Amazon ads while I'm scrolling. I just want to see aesthetic pins and get inspiration. I don't want to see products. I want to see fandoms and fan art. I've seen other people online complain about the ad problem, so I know I'm not alone here.",positive,0.9188,ads · app · used
13893385405,App Store,2026-03-27,3,Board Issues and Ads,"Hello! I love this app and I use it all the time, but I have two main problems with it. First, I used to be able to save pins to multiple boards, but now for some reason the app will only let me save a pin to one board. The app is fully updated and everything, so I’m not sure what changed. I really need to save some pins to multiple boards so this is top priority for me. Second, there have been WAY too many ads lately. Most of the images on my home page are ads. I’m not even kidding!! I have to scroll pretty far down to find a couple pins next to each other, because now, there are individual pins and ads surrounding it completely. It’s really annoying! But, thank you for the app and please help me with the board issues. -The1Aliyah",positive,0.9747,ads · app · used
13893357188,App Store,2026-03-27,1,Oh my gawd I can’t believe I need to make a review abt this..,"Mk so I’ve been trynna use my Pinterest and…it’s not letting me do anything. I CANNOT LOOK AT A PIN, I CANNOT SEARCH ANYTHING, AND I CANNOT VIEW MY PROFILE. I am TRYING EVERYTHING to get my Pinterest to work but nOoOoOOo. IT’S BEING STUBBORN AND IT’S NOT LETTING ME DO ANYTHING!!! JUST LET ME USE IT PLS 😭",negative,-0.8452,pinterest · love · like
13893313209,App Store,2026-03-27,3,"good app, too many ads","i love this app and website but the amount of ads makes it almost unusable, just tone it down a little",positive,0.3818,ads · app · used
13893097849,App Store,2026-03-27,4,So many scammers,I love this app but the amount of ads for scam sites is insane. Like I’ve seen about 15 brands that simply don’t exist advertise the same dress with the exact same picture,negative,-0.5789,pinterest · love · like
13892966506,App Store,2026-03-27,1,"Used to be great, now unusable","I used to love Pinterest as a great place to find and organize inspiration for my life. The app is now genuinely unusable due to how many ads are in the feed, impossible to find anything, and is it just me or is there a lot less unique and inspiring images now? Not a fan. Bring back original Pinterest and keep it simple!",positive,0.942,ads · app · used
13892927731,App Store,2026-03-27,3,FRUSTRATED by ads!!,"I wish the original developers of Pinterest had not sold their app. Whoever has taken over really sucks at running it. I had no less than 12 political ads (the same ad every time no less about Trump supporting Randy Feenstra) after each paragraph. Large ads pop up covering content quite frequently which I have to minimize in order to see the actual content I’m looking for, which is very annoying.
I used to absolutely love Pinterest and I still use it but not nearly as often as I used to. It’s sad really, that this once spectacularly wonderful platform has devolved into what it currently is regarding ads.
If the price was right, I’d consider paying a fee to have it ads free, but, I’m sure that would be out of my price range by the time they figured out what to charge for it.",positive,0.8826,ads · app · used
13892871203,App Store,2026-03-27,3,Favorite recipes to find,Why my rating is so low is there is non stop of ads and when you tap the X to remove the ads they instantly take you to the ad you were removing and you can’t see anything when you check out what you saved cause you have at least 3 ads on the screen and you can’t even see what you are trying to read it is very annoying when that happens,negative,-0.6291,ads · app · used
13892773192,App Store,2026-03-27,1,The app,The app is still glitching on loading not doing anything fix the app,neutral,0.0,app · great · love
13892741997,App Store,2026-03-27,3,Lost its appeal,This use to be a great tool and a place to go for information. It’s become a place for advertisements. Not that fun anymore.,positive,0.3395,pinterest · love · like
13892733757,App Store,2026-03-27,1,Ruined,"This app was my favorite app on my phone but now all my favorite pins are taken down, and it’s filled with non stop added I get more adds then content , it’s so tiring that even when I loved the app I no longer pick it up",positive,0.775,app · great · love
13892645669,App Store,2026-03-27,5,Pinterest,Love this app I’ve been using it for over 12 years now,positive,0.6369,app · great · love
13892556000,App Store,2026-03-27,3,Needs work,"To much change! Too many ads, repeating ads, AI not real, inappropriate pins, foreign pins which I cannot read or understand in which I don’t understand why they come up when I have English on my account. For the most part I really enjoy what pins I see, gives me ideas and thankful for that and those who post most of them.",positive,0.8169,ads · app · used
13892544046,App Store,2026-03-27,2,It’s very slow,It won’t let me sign up for it,neutral,0.0,pinterest · love · like
13892408169,App Store,2026-03-27,2,"Good, but not-so-much","I use Pinterest for ideas I’m “Pinterested in” for different projects, vaca ideas, recipes for different events, remodeling and renovating.  It’s great!  Love that!  
BUT—-soooo many sites and (other) apps feature on Pinterest like it’s a catalog.  I cannot SAVE or PIN the pic, as it hijacks me to that sales source.  I don’t want to BUY yet, nor even SHOP necessarily, only gathering ideas.  And sometimes I “pin” of a room pic I’d like for my remodel to save and show the person I’m wanting to do the work.  
   Another problem— to these Amazon “influencers” who use Pinterest as a hijacking method—: wherever site it hijacks me to, I make it a practice NOT to purchase from YOU.  So tired of it. 
   So to those apps that use Pinterest as your sales site, STOP hijacking Pinterest people.  We cannot PIN your products to our idea board when you’ve hijacked to your site.  And I will buy from ANYONE else IF I’m even interested.",positive,0.8988,pinterest · love · like
13892278409,App Store,2026-03-27,2,Hard not to love,I loveee Pinterest it’s undeniably an AMAZING app but the ads have gotten extreme… Every two regular pins has an ad next which gets frustreting when I try to scroll through pins on my feed.  Most of the ads are longer than a regular post and have several pages so swiping just cycled me through those instead of letting me easily get to the next real post. It’s unfortunate because I end up leaving the app since it’s giving me less of what I’m looking for,positive,0.6081,ads · app · used
13891828190,App Store,2026-03-27,5,How useful this app,This app is so useful to me that when i want to see new design and how to wear my outfit.,positive,0.6176,app · great · love
13891513890,App Store,2026-03-26,1,Too many ads,"There are more ads than actual posts; it's very disappointing to see my favorite app flooded with nothing but ads and AI. Also, I keep getting flagged for pins that aren't even mine, just because I have them saved",positive,0.5351,ads · app · used
13891392162,App Store,2026-03-26,2,Ads and ai,"Literally used to be one of my favorite apps, because it was media without the social. Now, it’s nothing but ads and ai, and i can’t take it anymore. It’s unfortunate that I’ll lose all of my boards but idc. I’m deleting it now",negative,-0.7615,ads · app · used
13891311370,App Store,2026-03-26,5,Amazing but has an annoying bug,"Love this, it’s my favorite app to get inspo for art and seeing others art and finding other stuff but occasionally I want to see a pin that I opened but didn’t save so I go to my history/ recently viewed and it just won’t open or work, same thing for recently saved. It’s so annoying please fix it.",positive,0.9003,app · great · love
13891292575,App Store,2026-03-26,2,Grossly overrun with AI garbage,"Last one out, turn the lights off when you leave.",negative,-0.0516,pinterest · love · like
13891201983,App Store,2026-03-26,3,The ads,"It’s good and all but there are wayyyyyyt too many ads now , you can’t really do anything",positive,0.2382,good · app · ideas
13891199956,App Store,2026-03-26,1,Remove the ads,"Please, remove the ads. Why there’s more ads than actual pins? And ai use is crazy.",neutral,-0.0258,ads · app · used
13891177237,App Store,2026-03-26,4,Too many ads,"Whenever I go to search something up, whether it be outfits or something else, my feed is FILLED with ads. Not to mention there are some days where the app seems to bug out and the suggestions have nothing to do with what I’m interested in or looking for.",positive,0.4019,pinterest · love · like
13891150996,App Store,2026-03-26,1,Too many ads,It’s all ads anymore. I got 23 ads in a row. Comments keep losing numbers and letters while actual problems that need reported never get taken care of. It’s getting disappointing.,negative,-0.8787,ads · app · used
13891111917,App Store,2026-03-26,1,Ads,So many ads,neutral,0.0,ads · app · used
13891076943,App Store,2026-03-26,1,Too much advertise,"This program has been a platform for inspiration, but now it feels like an online shop.",positive,0.6652,pinterest · love · like
13891069198,App Store,2026-03-26,2,Pinterest has become unusable,85% of everything you see on Pinterest is advertising. Extremely annoying,negative,-0.4576,pinterest · love · like
13891043406,App Store,2026-03-26,2,Barely Usable. Ridiculous Ads,"We need real change when it comes to Ads on Pinterest. Every pin is either an Amazon link or a large ad. This is not the content expected when using Pinterest.

As an 11 BILLION DOLLAR corporation, we all know you can survive without the flooding of Ads.

I have barely accessed Pinterest due to this issue. It’s just not worth it.",neutral,0.0088,ads · app · used
13891022436,App Store,2026-03-26,1,Links,"I absolutely loved this app. Lately the links with the sponsors are absolutely killing me. It’s getting to a point where all I see is them Amazon links, kinda bummer",negative,-0.2748,pinterest · love · like
13890874221,App Store,2026-03-26,4,Creepy!,It’s amazing but women are looking into cameras which they are not allowed to! So it’s getting creepy! So 4 stars!,positive,0.5067,pinterest · love · like
13890853044,App Store,2026-03-26,1,Account clossing,My account was close becouse I was trying to draw a Pearson like how does that close my account and just got started on pintrest.,positive,0.3612,pinterest · love · like
13890838820,App Store,2026-03-26,1,Age,I used to love Pinterest but now I don’t because it logged me out of my account and I had to redo everything and It did not let me go back in because of the age I put in so I put my information in and it said I didn’t meet the age requirement but I clearly put in that my age was 16,positive,0.7311,pinterest · love · like
13890718715,App Store,2026-03-26,1,So many ads,I used to love Pinterest. Now the ads make it unbearable. Please go back to the way it used to be!,positive,0.7777,ads · app · used
13890711936,App Store,2026-03-26,3,"Used to Be So Good, Now Unusable","I adored Pinterest up until recently. It was my absolute favorite app and wasn’t filled with ads. I still love the concept and I love the boards I’ve made, but the app/site is quickly becoming unusable. The presence of ads appearing before you even see related pins is extremely off-putting. The ads are also (sorry to say this) generally ugly and take away from the user experience. This is an aesthetically driven platform, so why is there random slop in every corner? The presence of constant shopping prompts is also off-putting. I use Pinterest to be inspired, not as Amazon 2.0. All said, I miss the old Pinterest. I hope someday we get her back.",positive,0.8259,ads · app · used
13890587625,App Store,2026-03-26,1,Ads 😡,Anyway to stop some of the ads you show?!!!! You can’t even read the recipes anymore!! No one opens them on purpose anyway! Ridiculous. Time to dump this app!,negative,-0.8647,ads · app · used
13890457321,App Store,2026-03-26,4,Why bug?,"The whole internet is crashing out bc it's not working, when I open it,the whole screen is loading and all I see is shining gray(loading) it's so not fair bc all my alphabet codes are gone and everything.(PLS FIX PLS FIX PlS FIX PLS FIX!!!! 🥲😭👁👄👁)",negative,-0.484,pinterest · love · like
13890037617,App Store,2026-03-26,1,I hate this,I hate this app because I put I my birthday and it say oops sorry looks like it not eligible for This app right now and I’m literally 13 years old,negative,-0.3612,app · great · love
13889856580,App Store,2026-03-26,1,Bruh,"So many ads, overrun by AI, constant updates!",neutral,0.0,ads · app · used
13889791417,App Store,2026-03-26,5,крутяк,"сдклацте так, чтобы можно было скрывать коллажи",neutral,0.0,pinterest · love · like
13889759945,App Store,2026-03-26,2,Ads,"There was a time when pinterest was my cozy peaceful place to relax and just explore n search beautiful things..!! Nowadays it feels like ads market, U see all kinds of rubbish disgusting ads all kinds of disturbing ads.. dnt enjoy it anymore",positive,0.8619,ads · app · used
13889629112,App Store,2026-03-26,5,Choices,Love the quick looks to get a global perspective prior to choosing the “one”.,positive,0.6369,pinterest · love · like
13889406265,App Store,2026-03-26,3,Ads,I’ve always loved Pinterest and it used to be such a fun chill app but the amount of ads has become insane. If this was fixed the app would be perfect 💔,positive,0.8294,ads · app · used
13889320864,App Store,2026-03-26,3,Can't see uploaded pins and boards,"For about a week now, I haven't been able to scroll down on my account profile (on both pc/website and iphone) and can't view a majority of my old pins. Also on pc/web version, I'm not able to see my boards. Would love to have this fixed as these are pretty essential to what the app is for.",positive,0.8126,pinterest · love · like
13889245093,App Store,2026-03-26,1,Pia,Pinterest has been a pain in the butt lately. It flips back to beginning of page after looking at a recipe and you have to start scrolling all over again. Why make the app less friendly and easy to use?,positive,0.3057,pinterest · love · like
13889239949,App Store,2026-03-26,1,Зачем добавили рекламу?,"Реклама в пинтерест? Серьёзно? Стало невозможно пользоваться приложением потому что через 1-2 пина идёт реклама, как всегда всё испортили погоней за деньгами",neutral,0.0,pinterest · love · like
13889050442,App Store,2026-03-26,1,Allow Scammers   Done,Sights that say you have a virus and scam money,negative,-0.5719,pinterest · love · like
13889044460,App Store,2026-03-26,2,Just ads now,I’ve used Pinterest for over 5 years and now it is just ads to the point where you barely get anything relevant to what you’re searching for. It is insane the amount of ads as you scroll to the point where the app is unusable.,negative,-0.4019,ads · app · used
13889032086,App Store,2026-03-26,2,Ads,"i genuinely love this app but the amount of ads is INSANE. theres no reason my feed should be more than 50% ads, and taking up my entire screen.",negative,-0.705,ads · app · used
13888992003,App Store,2026-03-26,3,Too may ads,Way too many ads,neutral,0.0,ads · app · used
13888819202,App Store,2026-03-26,2,too many ads,I used to love going to pinterest for inspo but more than half of what i see now are ads…. 👎🏻👎🏻👎🏻👎🏻,positive,0.3818,ads · app · used
13888784205,App Store,2026-03-26,1,WIDGETS,"please for the love of god update your app to fix widgets. One of my widgets let me choose a board and updates on time, the other doesn’t even let me choose an account and just shows random AI slop. I’ll delete it and repopulate it, same thing.",positive,0.8225,pinterest · love · like
13888781857,App Store,2026-03-26,5,Not fun anymore,"Pinterest was awesome for
Scrolling and inspo until it became quite literally 80% advertisements. Of course it did.",positive,0.6249,pinterest · love · like
13888603100,App Store,2026-03-26,1,Don't getttt,Worst app ever. Don't get,negative,-0.6249,app · great · love
13888417312,App Store,2026-03-26,2,AI slop and frustrating bugs,"I enjoy using Pinterest but the bugs on it make it nearly unusable. First of all, you cant read comments because letters and numbers are missing. You try to comment something and your comment disappears (please fix the terrible comment box and make it harder to auto-close or at least save the replies we are in the middle of typing…) The app is also overrun with fake AI recipes that suck and fake AI projects that are literally impossible to recreate, even if you’ve disabled AI in the app. Kinda over Pinterest at this point and I’m going to look for an alternative.",negative,-0.9306,pinterest · love · like
13888190569,App Store,2026-03-26,4,AI,The amount of AI content is.. disgusting. Wish there was an option to opt out of seeing them.,negative,-0.1779,pinterest · love · like
13887903909,App Store,2026-03-25,2,not stop glitching,"I literally never write reviews but i felt the need to because pinterest has been making me so mad. The videos like hardly ever okay they’re always just freezing, i’ll tap out of a pin and the whole screen will just zoom out and freeze, and a whole bunch of other stuff. Also soooo many ads and  80% of the videos sounds are “unavailable”. Also the glitching isn’t even because of my phone i have a brand new iphone 15 this app just sucks",negative,-0.722,pinterest · love · like
13887814734,App Store,2026-03-25,1,"Ads, ai, and deleted review","10/1/25 I've written a review before about the ridiculous number of ads and the unwanted ai but apparently that review got deleted. I went to edit my review to ad how I'm now seeing a sponsor section with even more ads but it was no longer there. This makes me thing the only reason Pinterest doesn't have a lower rating is because they delete the bad ones... I've been using Pinterest for years and have loved it for most but this is getting tedious. 10/28/25 why am I seeing ""more ideas"" before my board? I didn't go to my board just to see more of what's on my home page.
3/25/26
I only see two real pubs before the ads start and then they make up half of what I'm seeing. There's ai slop is everywhere. I don't know if it's a glitch or something but I no longer see similar pins under the ones I look at, they're all irrelevant to what I'm actually trying to find more of.",negative,-0.5744,ads · app · used
13887663613,App Store,2026-03-25,1,Ads,"Love this app, but every time I use it I am just annoyed. For years I've been using Pinterest, and in all that time the amount of ads have never been as high as they are today. Every other post is a sponsored pin, meaning every other post is an ad. I use this app to become inspired and be creative, and yet I find myself frustrated.",positive,0.4118,app · great · love
13887647289,App Store,2026-03-25,1,All Ads,Can’t find any real content or inspiration anymore. Just endless ads. Greedy and vile.,negative,-0.4588,ads · app · used
13887620430,App Store,2026-03-25,1,Not happy with the new update,"I absolutely love Pinterest but the new update has made me not wanna use the app anymore…. They took away the share, more option so now I can’t import recipes into  my ReciMe app, that organizes them into cookbooks. They also took away the quick pin on the main page, which is extremely annoying.",positive,0.1424,app · great · love
13887595592,App Store,2026-03-25,1,99% ads,"I understand the need for ads, but it’s only ads now. I’ll have 6-7 ads in a row before I see a non-ad post.",neutral,0.0,ads · app · used
13887592168,App Store,2026-03-25,4,Dr,PhD,neutral,0.0,pinterest · love · like
13887536167,App Store,2026-03-25,5,my review !,so aesthetic and cutsie and beautiful !!!!,positive,0.7243,pinterest · love · like
13887524402,App Store,2026-03-25,2,IM STILL LOGING IN,Why does it take 5 hours ]to log in I put my birth date and it saying am lying,negative,-0.5267,pinterest · love · like
13887444027,App Store,2026-03-25,4,"Very Good App, Really!",I really like everything.,positive,0.4201,pinterest · love · like
13887418644,App Store,2026-03-25,1,was better without all the ai ads,was better without all the ai ads,positive,0.4404,ads · app · used
13887317140,App Store,2026-03-25,5,افضل شي بيومي هو هذا التطبيق الرائع 🌟,لا يوجد شي فقط انه الافضل,neutral,0.0,pinterest · love · like
13887259053,App Store,2026-03-25,1,New User Here,"I recently decided to try Pinterest after I heard alot of good things about the app. 
(drawing reference/fashion/ideas generating) 

Anyways, I got about a week of good clean pins and was just warming up to the app then WHAM! MY FEED WENT TO NOTHING BUT ADS!! had a page of just ads had to scroll TWICE before i saw a single pin?! dont download this trash rn its actually just BS bloatware",positive,0.7366,ads · app · used
13887229159,App Store,2026-03-25,5,Easy,Perfect,positive,0.5719,pinterest · love · like
13887184972,App Store,2026-03-25,2,"Pinterest, please help.","So, I have loved using Pinterest. But recently it has been lagging. Usually, when I get on the app, it says I don’t have internet when I clearly do, so, I logged out. But, it has still been sending me notifications about my recommendations. And, it still won’t let me log in, the code it says when I try to log in is ‘NSURLErrorDomain error -1004.’ I love Pinterest, so please, fix this.",positive,0.8747,pinterest · love · like
13886972042,App Store,2026-03-25,3,They need to slow down on he ads,Imposible to even check a recipe the ads keeps opening and opening random pages is annoying to use,negative,-0.4019,pinterest · love · like
13886923129,App Store,2026-03-25,5,Pinterest is AWESOME!,"Pinterest is a must have whether you’re bored or want some ideas for a theme or gift! When you first get into it, you choose some things that you’re interested in, and if nothing interests you, it’s VERY easy to change your style. There’s very few ads, it’s easy to create boards and pins, and whether you’re looking for tips or just looking at memes, Pinterest has it ALL!",positive,0.9113,pinterest · love · like
13886822554,App Store,2026-03-25,1,Ads,The obnoxious amount of ads ruins what use to be a great app.,negative,-0.2023,ads · app · used
13886731540,App Store,2026-03-25,1,Getting worse by minute,"This use to be my favorite apps for pics and recipes. Now it’s like a video game clicking off all the pop ups! The pics are now mainly AI generated. 

This app gets worse each time I open it.",positive,0.4003,pinterest · love · like
13886623990,App Store,2026-03-25,5,Thank you,Pinterest is actually a good app to use to give you ideas and tips on things on to how you want a certain tattoo or shoe style or just style in general,positive,0.6486,pinterest · love · like
13886554633,App Store,2026-03-25,5,Turn it back to age 10,"My brother told me to update my phone and when I did, I saw I couldn’t go on pictures anymore. Turn it back to age 10, please",positive,0.3182,pinterest · love · like
13886536528,App Store,2026-03-25,5,Loveee it,I loveeee pin,neutral,0.0,pinterest · love · like
13886496843,App Store,2026-03-25,5,New update,"For someone that is just getting the app it probably won’t be that big to them, but as somebody that has been using this app for a very long time and has loved the futures this new update or feature. I do not like at all. It’s so unnecessary and useless so when you save a pin, you usually save it and then it immediately pop up all the folders you have and then you put it to the one that you want now it saves it to your profile then you have to wait till it saves to your profile and then press organize and then put it into the folder you want which might not sound  serious, but  this is very serious to me because it’s just so unnecessary and annoying to do like I wanna be able to scroll and not have to do extra things so Pinterest for seeing this could you please fix this?",positive,0.9039,app · great · love
13886337439,App Store,2026-03-25,2,Not the same Pinterest,"I used to love Pinterest. It was one of my favorite apps. You could look at cute crafts, photo ideas, aesthetics, etc. all day. But now it’s all ads! As Gen Z and someone who doesn’t mind ads there are simply too many. Like 1 every 3 pins. Now it’s not enjoyable anymore.",positive,0.7213,ads · app · used
13886299822,App Store,2026-03-25,1,Ad and Censorship central,I scrolled for a minute through ad after ad…. At this point this app is more ads than anything.. oh and  it’s censorship central as well.. not even worth using anymore..,positive,0.1114,ads · app · used
13886256727,App Store,2026-03-25,1,Ads give creativity,"I actually just got off the app because the ONLY thing on my fyp was ads not even an exaggeration I was getting no pins just ads. This isn't even an app for creativity they are just being greedy trying to get you to buy things from scammers. Its really sad how Pinterest turned out it never used to be this many ads. This app isn't even worth it anymore because if you aren’t getting ads you are getting glitches left and right. Not being able to see the comments, the screen freezing randomly, etc etc. Dont waste your time unless you wanna scroll through an ad book.",negative,-0.6158,ads · app · used
13886205492,App Store,2026-03-25,1,Too many ads,Half of the pictures are ads,neutral,0.0,ads · app · used
13886111883,App Store,2026-03-25,2,dont get bought out by openai,"1. do not sell out to openai. you saw what happened to sora.
2. Please return the old hotbar design, the new one keeps bugging out after interacting with a few searches or pins, the buttons just disappear and I have to keep restarting the app. :(",negative,-0.3612,pinterest · love · like
13886098626,App Store,2026-03-25,1,Pain to delete saved pins,why they made it so hard to delete pins saved directly. why there’s multiple steps just to delete one pin if not saved under boards. i had saved ~50pins took me almost an hour manually delete one by one,positive,0.3403,pinterest · love · like
13886046029,App Store,2026-03-25,1,Ads ruined the app basically unusable,"Would rate 0 stars if I could. Ads are everywhere wall to wall , making it even harder to find pins and just ruins the safe space Pinterest once was rip.",neutral,0.0,pinterest · love · like
13885759992,App Store,2026-03-25,2,Used to be my favorite,"Don’t get me wrong, I adore Pinterest. I think it is a beautiful app you can curate perfectly to you. I’ve been on it for years, and feel it knows me well. Even with new tastes, it knows exactly what to show. However, lately, and with increasing frequency, the amount of “shopping” recommended to me when I search for ideas is insane. When searching for a specific item, idea, aesthetic, whatever, I ONLY get a million options of things to buy. Image after image are only links to websites to buy said product. Showing bland, stock photos, that completely water down the experience of authentically exploring and creating ideas. I understand the need to ads. However, there is a difference between photos and ideas and straight up browsing Amazon sellers. Lowering my review….STOP SHOWING ME AI SLOP. AI IS THEFT.

Coming back to this. I just was served 12 sponsored listings all next to each other. My entire scroll was ONLY ADS. This is actually insane. Please re-think your ad strategy. Currently looking for a new platform to migrate too.",positive,0.9042,ads · app · used
13885749888,App Store,2026-03-25,2,only ads,There is literally almost zero actual pins on my feed its just an endless scroll of ads. I have a video is absolutely ridiculous. Fix this.,negative,-0.4201,ads · app · used
13885749198,App Store,2026-03-25,5,Bug Problem,"Everytime I save a photo it takes me to another photo on that board, it’s a odd bug issue since this never happened till this year",positive,0.2263,pinterest · love · like
13885318199,App Store,2026-03-25,1,Ads have ruined Pinterest,I used to absolutely love Pinterest. I deleted all social media EXCEPT Pinterest. The app has been completely ruined by the influx of AI slop and ads. My feed is over 60% ads that are created to look like other posts. Half the time I don’t mean to click on them but I’m constantly being redirected and have to go back to Pinterest. The app is genuinely getting to a point that it’s difficult to use and interact with.,negative,-0.1154,ads · app · used
13885281549,App Store,2026-03-25,1,Ads and AI EVERYWHERE,"Used to enjoy this app, but every other image is an ad and whenever I’m looking up recipes or crafting ideas I have to be wary of ai that wasn’t notated. I’m tried of this now",positive,0.2732,pinterest · love · like
13885197959,App Store,2026-03-25,1,Beyond unusable,"Do not use this app. It is filled to the brim with ai and ads; sometimes a sloppy mixture of both. I am not exaggerating when I say everytime you scroll, 2-3 ads will appear. Avoid at all costs.",negative,-0.1734,ads · app · used
13885034449,App Store,2026-03-25,5,Pinterest,Fabulous 💕💕💕💕💕💕,positive,0.9851,pinterest · love · like
13885010731,App Store,2026-03-25,5,I love Pinterest 5 stars,I love Pinterest so much when I can’t pick out a outfit or a hairstyle it helps so much I also love the background you guys have whoever made this app I love it so so so much!!!!!!!!!!!!!,positive,0.9543,love · app · pinterest
13884942119,App Store,2026-03-25,1,Too Many Ads and AI Posts,When is Pinterest going to listen to their users and prioritize the user experience? The ratio of actual posts to ads is about 1:4 now. You cannot scroll through the app without being bombarded by ads and it’s absolutely ruined the Pinterest experience. The posts that are not ads are AI slop! I used to love Pinterest but I am so close to just deleting my account that I’ve had for 15 years because the ads and AI are just too much.,positive,0.1768,ads · app · used
13884923592,App Store,2026-03-25,1,Running it into the ground,"Over the years Pinterest has been dedicated to making their app more and more unusable, punishing their users for reblogging anything other than cooking and crafting pins, and refusing to listen to feedback. Their latest move is the nail in the coffin. Pinterest has been auto flagging pins using AI, to the point that people with no prior strikes on their accounts fully lose access to THOUSANDS of pins, to which Pinterest support shrugs and says “oh well!” 
Be warned that you could lose your account at any time for no reason. Also, their emails detailing your infractions don’t show you which pin it was, and the document attached carries a link - which doesn’t work when they deactivate the pin. So you won’t even know what it was that set off the alarm. I save fandom works and lord help you if two people are kissing or there is any skin showing. Their metric for “adult content” is puritan standards. Also I consistently get flagged for promoting self harm??? Which NONE of my pins do. AND THEY ARENT EVEN MY PINS. Email the person who UPLOADED THEM, not me!! 

I have never experienced Such dedication to alienating their long time users but they’ve consistently been making decisions that no one asks for or likes, while taking away features that were helpful and especially that actually made this place a community, for a full decade now. For no reason. The only reason people stay is because no one has made a good free alternative yet. But the time will come, Pinterest.",positive,0.8532,pinterest · love · like
13884659675,App Store,2026-03-25,1,Fix the app you can no longer share to and save to pins,"After the recent two updates it won’t let you share to from the browser bar when you wanna save a pin to your boards, when you choose it it goes to open Pinterest then acts like it will and doesn’t do anything I’m not manually saving something to the phone and then uploading, defeats the purpose please developers fix this issue, also the amount of ads has become so annoying coupled with the amount of ai trash that it’s gotten to where I’m about to not use the app anymore since it no longer works isn’t usable to save pins easily anc become a ad hell of trash that’s even unrelated to what your interested in.   Fix the app for starters make the share to work again to save pins and get rid of the majority of ad bloat and ai nonsense please!",positive,0.8482,pinterest · love · like
13884455107,App Store,2026-03-24,2,New Pinterest updates,"Love this app so much especially as an artist, designer, and creative !! However it has become so laggy and difficult to use, i often find myself having to relaunch the app because i can’t properly save pins without it glitching and losing the pins i’m trying to save. I feel like the updates to the app haven’t really resolved that many bugs either 🥲",positive,0.9219,app · great · love
13884395311,App Store,2026-03-24,3,Ads!!!!,"I love this app so much but there are so many ads on it that there is never a moment when you aren’t looking at one. ALSO, they are super sensitive so one little touch takes you to their page when scrolling… annoying asf.",positive,0.6597,pinterest · love · like
13884344050,App Store,2026-03-24,5,Five stars,The only thing that bothers me is ai on here other than that Pinterest is my best friend,positive,0.765,best · app · apps
13884295623,App Store,2026-03-24,2,Ad Visual Contamination,"Pinterest used to be about inspiration, now it’s just ads disguised as pins, hardly any pictures which is what makes Pinterest. Even on direct search i only get products shown. It’s gotten to the point where I can’t even find real content anymore.",positive,0.3182,ads · app · used
13884271244,App Store,2026-03-24,3,Ads load first,"It’s really telling to me that when I have a poor internet connection, the ads will load before any of the content I’m actually there for - sometimes a full minute before. It’s annoying, and more often than not it makes me close the app and leave it for the rest of the day because I’m so irritated at being treated like a product.",negative,-0.8109,pinterest · love · like
13884246595,App Store,2026-03-24,2,Nueva actualización,"La verdad está nueva versión de Pinterest no me agrada, aún no he podido encontrar las notificaciones me siento perdida",negative,-0.5267,pinterest · love · like
13884244509,App Store,2026-03-24,1,PLEASE FIX WIDGETS,Widgets have been broken on iOS for weeks now. The Pinterest subreddit is full of users experiencing the same issue.,negative,-0.4767,pinterest · love · like
13884242547,App Store,2026-03-24,3,"Pinterest, why did I just have 35 consecutive ads? 😭",It’s great when I don’t have 10+ consecutive ads.,positive,0.6249,ads · app · used
13884231304,App Store,2026-03-24,1,So much junk,"It doesn’t matter which post I choose to view, there are so many ads that I can’t get through an entire post. The other issue is that a lot of the time the posts that I click on take me to things completely unrelated to what it said it was. It really doesn’t add a value to my life at this point. Just frustration. I think I’m just going to delete the app.",negative,-0.1531,pinterest · love · like
13884229181,App Store,2026-03-24,1,Horrible AI handling,"Decided to go full AI without knowledge or infrastructure to do so. Full of AI content, not a human to talk to. After all those years I’m uninstalling it and deleting my account. So sorry Pinterest ended up like this.",positive,0.1923,pinterest · love · like
13884167988,App Store,2026-03-24,1,Only ads,"Loved this app, now all it is  ads. They used to at least not look like ads, now it’s so overt it’s no longer even pleasing to look at and now i just stop scrolling within minutes and exit the app. Real bummer.",neutral,-0.019,ads · app · used
13884156811,App Store,2026-03-24,1,AI Slop and mostly Ads,"I try to look past the influx of AI, but I just counted 43 ads in a row before they showed one relevant post and then more ads. Are you for real? This is so stupid, guys, come on. I’m ready to delete my account.",negative,-0.5858,ads · app · used
13884134197,App Store,2026-03-24,4,bug?,"i LOVE pinterest don’t get me wrong, high quality photos ect ect, anyways! right now there’s a bug (i’m assuming) because i cannot save anythingg at all. (it says error 3302) so. it’s annoying but overall besides that i love this app",positive,0.6699,pinterest · love · like
13884059847,App Store,2026-03-24,5,Pinterest,"I love Pinterest, it's probably the best app EVER!!! I have found several solutions to problems on there and also some amazing recipes and ideas. Keep up the GREAT work !!!!!!!!!

I wrote this before the latest upgrades!!!! Now, when I get a notification in my e-mail and I click on one that I'd like to see, it takes me to the app. Then I click on ""continue"" and I'm in the App Store!!! I click on that and then I'm taken to the last pin that I looked at, not the one that I wanted to see from my notifications. So then I have to go back to my notifications , come back to the app and search for it. PLEASE FIX THIS!!!!!!!

March 22 2016    STILL having this problem!!!!! When are you going to fix it?

Why is Pinterest so DIFFICULT to use now???? Whenever I get a notification in my e-mail and want to look at a certain pin, I have to go through the the whole rigmarole of opening the app and then searching for that particular pin. Before, it used to take me straight to the pin I wanted, I could read it and then either pin it or not. PLEASE PLEASE PLEASE DO SOMETHING ABOUT THIS. 
New review……. Why do I have to view posts on Instagram, Tictok and threads? I want to see what I’m looking for straight away, not go bouncing around on other apps to see it. Otherwise Pinterest is vey good.

March 24 2026
Still having to bounce around other apps to find what I want and sometimes STILL not find it!!!!
Still not as good as it was when I first joined.",positive,0.9531,app · great · love
13883998358,App Store,2026-03-24,5,I 💓 PINTREST,I LOVE PINTREST SMM ITS MY FAVE APP IVE LITERALLY EVER DOWNLOADED AND I HEARD THEY ARE GETTING RID OF IT?? IM NOT SURE IF ITS TRUE BUT PINTREST CEO IF YOUR  READING THIS PLEASE DONT! Anyway i love this app so much i am always listening to spotify and scrolling on pintrest so ya🎧🫴,positive,0.7723,pinterest · love · like
13883991610,App Store,2026-03-24,2,Too many ads,"I love Pinterest, it’s where I get outfit inspo, nail inspo, craft ideas, etc. however the ads have gotten out of hand. I was just scrolling and had 16 ads in a row with no actual pins in between. 16!!! That is ridiculous!! Every time I get on it’s just ad after ad after ad. Please make it so I can actually scroll and see pins instead of stupid advertisements.",positive,0.5815,ads · app · used
13883857682,App Store,2026-03-24,3,So. many. ads,"I got back on Pinterest to share ideas with my kid and gosh this app sucks now. It used to be a great place to find new, original creative ideas and save them. Now it’s just Amazon ads EVERYWHERE. Every now and again there’s something interesting in my feed, so I tap it so it opens larger…but tap again and it doesn’t direct you to the link it starts an image search. And the “visit link” button is way down below. It’s super annoying.",positive,0.9501,pinterest · love · like
13883839537,App Store,2026-03-24,4,Ads🫩,"I really do love Pinterest I look at it everyday I scroll all the time but there is just one issue, the ads. The ads are just ridiculous there are more ads than actual posts.",negative,-0.1308,ads · app · used
13883763693,App Store,2026-03-24,5,DOWNLOAD ASAP,I seriously don’t get the hate on this app bc of Lemon8 1 lemon8 has countless adds on tt 2 Pinterest is like a photo wall and 3 lemon8 isn’t even good bro the app itself is SO confusing Pinterest is simple,negative,-0.5279,app · great · love
13883751112,App Store,2026-03-24,1,💔,"I’m Rn trying to sign up, but it isn’t letting me join, saying I’m “not eligible to join Pinterest right now!” So uh, can you PLEASE fix this?! 😭🙏",positive,0.7256,pinterest · love · like
13883703957,App Store,2026-03-24,1,Too many ads,Absolutely ridiculous i’m scrolling through this app and getting WALLS of ads in my face.,negative,-0.4201,ads · app · used
13883677100,App Store,2026-03-24,4,Where did the notification tab go?????,"The notification tab plus messages has disappeared from the menu???? Also lots of crashing and freezing rn. Other wise phenomenal app, I really enjoy it.",positive,0.7394,pinterest · love · like
13883634213,App Store,2026-03-24,3,SO MANY ADS NOW,"I miss when Pinterest didn’t have a lot of ads, it was one of few that didn’t really have ads, now there’s so many.",negative,-0.1531,ads · app · used
13883627406,App Store,2026-03-24,5,Notes Section,Please bring it back!!!  The notes section saves me so many times.  It is such a huge disappointment to me that  can no longer add notes to myself.,negative,-0.4168,pinterest · love · like
13883625943,App Store,2026-03-24,2,Не могу создать аккаунт,Я не могу зайти на сайт сделать аккаунт он тупо мне не дает моя сестра тоже фото у неё тоже не получилось почему Pinterest сейчас начинает глючить это очень не удобно я там вожу свою дату рождения свой год и нажимаю продолжить она говорит ой что-то пошло не так очень классная приложение но есть свой причины….,neutral,0.0,pinterest · love · like
13883604836,App Store,2026-03-24,1,OUTRAGEOUS AMOUNTS OF ADS,I scrolled for 20 seconds straight and just saw ads. I am an avid pinterest user and use the app every single day so it is completely horrible that they treat their active and loyal users with such disdain that they only push ads instead of anything that its users will be interested in. I am considering getting off the app from how bad the ads are,positive,0.4417,ads · app · used
13883598187,App Store,2026-03-24,2,Ads,I don’t normally write reviews but the number of ads are getting ridiculous with 22 ads in a row before one pin. Not even exaggerating counted every ad. I would give 2.5 stars if I could.,negative,-0.2554,ads · app · used
13883568788,App Store,2026-03-24,3,good app but insane amount of bugs 😬,"like when you can’t favorite a pin, the app freezes, the search/profile/notifications bar on the bottom of the screen disappears, can’t edit a pin, etc etc.",positive,0.4588,app · great · love
13883565468,App Store,2026-03-24,5,すばらしい,このアプリが本当に大好きです！ すごくかっこいい！ これみたいなの、マジでもっと欲しい！,neutral,0.0,pinterest · love · like
13883536362,App Store,2026-03-24,2,All Ads,"I used to love this app, was my favorite to scroll, but now my feed is entirely ads no actual pins or ideas, just page after page after page of ads. This app fell hard in my book.",negative,-0.0561,ads · app · used
13883503982,App Store,2026-03-24,1,Ads and AI,"I used to love Pinterest, full of inspiration and links to actual creators. Now it’s all ads and AI images. Over it",positive,0.8225,ads · app · used
13883467136,App Store,2026-03-24,5,A teen girl ESSENTIAL 💗,"Love this app so much, great for inspo of any kind, would recommend!!",positive,0.9438,app · great · love
13883466168,App Store,2026-03-24,1,Unusable,"Pinterest is just a billboard at this point. 80% ads and 15% sponsored content. I close the app within a few minutes of opening. Ai is everywhere as well, even after turning off ai in the settings. Content gets removed for no reason constantly and the moderators clearly support racism and homophobia. Disgusting.",negative,-0.4939,ads · app · used
13883355253,App Store,2026-03-24,5,Pinterest,It was so entertaining I got it in inspo for outfits in the future,positive,0.5777,pinterest · love · like
13883135464,App Store,2026-03-24,3,Frustrating,"I love the app but recently have had a very frustrating issue!  While scrolling my feed or search, I click on a post and after I am finished and go back to original feed it automatically rolls back to the top of the feed.  This is extremely frustrating when you’ve been scrolling and now you’re back to the beginning!  PLEASE FIX!!!",positive,0.5249,pinterest · love · like
13882932113,App Store,2026-03-24,1,Outdated and Repetitive Fashion Content,"While Pinterest remains a useful platform for general inspiration, the fashion content has become noticeably outdated and repetitive. The current recommendations do not consistently reflect modern trends or evolving styles, which limits its value as a reliable source for contemporary fashion ideas.

A more frequent refresh of content and improved curation of current trends would significantly enhance the user experience. At present, the fashion section does not meet the standard expected of a leading visual discovery platform.

Clean, professional, and just sharp enough to make someone in a meeting shift uncomfortably.",positive,0.8689,pinterest · love · like
13882868079,App Store,2026-03-24,2,I searched for hair styled for 30 year olds.,All I got was hairstyles for older women. Useless app.,negative,-0.4215,pinterest · love · like
13882696109,App Store,2026-03-24,1,shop,"why does EVERYTHING now needs to push me to buy something? ads are ruining this app, it’s so stupid. now I have ads for pinterest in other apps that seems like pinterest is a commerce platform, i hate it.",negative,-0.8208,ads · app · used
13882521204,App Store,2026-03-24,2,Ads are out of hand,"The amount of ads displayed on the home screen as you scroll through the app, is absolutely insane. Around 40% of the pins you see are ads. Personally, none of them align with my interests. Extremely disappointing, and if this app is going to shove marketing down our throat, at least have it be accurate to my interests.",negative,-0.5402,ads · app · used
13882498721,App Store,2026-03-24,5,Frustrated,"It has become harder and harder to go through Pinterest, particularly the recipes. Every time you scroll through the recipe and try to find the directions, a bazillion ads pop up and get in the way and make it hard to find what you’re looking for.",negative,-0.1027,pinterest · love · like
13882488979,App Store,2026-03-24,1,Why ads,There’s way too many freaking ads and it has completely ruined the user experience. On searches you will only see 100% ads. Authenticity is fleeting this app.,negative,-0.7346,ads · app · used
13882439349,App Store,2026-03-24,1,Sponsored ads,40 second scroll of purely sponsored ads. High touch sensitivity to promote misclicks. Ruthlessly scamming their advertisers and disappointing users.,negative,-0.1531,pinterest · love · like
13882377693,App Store,2026-03-24,5,Dcopn,Buena app puedes encontrar te todo,neutral,0.0,pinterest · love · like
13882284042,App Store,2026-03-24,1,My email doesnt look like an email apparently,I tried to log in but apparently Pinterest thinks my email isnt an email. Guess im not allowed to use it i thought the app might be better than their website but nope they both suck,positive,0.7881,pinterest · love · like
13882177819,App Store,2026-03-24,3,Bouncing,I wish when you look at a pin the page stayed where you were instead of bouncing back to the top.  Also all the pop ups are annoying when you’re trying to make a recipe.,positive,0.2023,pinterest · love · like
13882093313,App Store,2026-03-24,1,Good app but not the best customer service.,"Costumer service replies relatively fast and the amount of content you can pin is great. Yet, when it comes to recovering an account over 10 years old, they don’t even try to help. No emails were sent ahead of time warning to change emails/passwords if you originally logged in with Facebook and don’t have access to your old email. They don’t try to work with you when you can prove it’s your account. Just a “you can repin your old pins” and make a new account.",positive,0.4939,pinterest · love · like
13882087508,App Store,2026-03-24,2,Pinterest or Pinads?,"Ads that take up half the screen? Didn't see that coming! What used to be a constant source of inspiration, unique for its uninterrupted flow of powerful visual content  and a creative tool for self-expression became what we all feared it would, one giant billboard with more and more AI generated content. *Pam's voice* Boo! Boo!",positive,0.7767,ads · app · used
13882056618,App Store,2026-03-24,1,Going downhill,"Frequency of ads has gotten horrendous, this app feels unusable. I’ll scroll for a second and immediately close it agin because my eyeballs are inundated by the most irrelevant ads",negative,-0.5859,ads · app · used
13882044898,App Store,2026-03-24,5,The problem has been fixed,"When scrolling all and deep down the page. You click on a specific item and return to the all page it scrolls all the way back to the top. Causing you to scroll back down to where you were. Very annoying. Please fix. But otherwise a good app. But because of this issue and the fact that it hasn’t been resolved already. Only rates one star.

Changing my rating. It appears they fixed this problem. Thanks",positive,0.6961,pinterest · love · like
13881924920,App Store,2026-03-24,1,"No Inspiration, Just Ads","this app used to be one of my favorite apps, but it has gone downhill for the past several years. the amount of ads they throw in your face is abysmal, and it gets worse with each update. i had to scroll through TWENTY-FIVE ADS on my homepage until i could find a pin, and then there was another endless spam of ads. this app is absolutely unusable. the developers don't care about their users and made it blatantly obvious with their unlawful banning spree a year ago when they let AI moderate their platform. there's no point in using this app anymore when i can't find any pins or inspiration like i used to. i'll be using a different app from now on.",negative,-0.5848,ads · app · used
13881856957,App Store,2026-03-24,1,what happened??,I haven’t been on in a while but apparently the app has become borderline unusable since. Trying to scroll through my boards/recs and every 2 seconds an image I barely hovered over pops up to full screen - extremely annoying!!!,negative,-0.7064,pinterest · love · like
13881850665,App Store,2026-03-24,3,Too Many Shopping Links,"Pinterest used to be a place to go and get ideas on design, creating, and cooking. Anymore, they are a platform for online shopping (Amazon links much?) rather than someplace that I now go to get ideas for my house or garden, entertaining or cooking, art projects, etc. I’m saddened by this trend and miss the days of looking and pinning.",positive,0.2023,pinterest · love · like
13881767730,App Store,2026-03-24,1,Ads everywhere,There are times when you’ll scroll and your screen will be 100% ads. Not even one pin that isn’t a paid promotion. Your phone screen will always have at least one advertisement on it. Stick to web so at least you can you an ad blocker because this is ridiculous.,negative,-0.3612,ads · app · used
13881598670,App Store,2026-03-24,5,Amazing!!,This app is cool! It has so many cool ideas and I would highly recommend it,positive,0.7884,pinterest · love · like
13880970753,App Store,2026-03-23,1,Too many ads,Every other post is an ad this is getting ridiculous I though this was a place to explore your creativity not get food ads and ANNOYING ADS every second I say u should fix it or less and less people will want to use this app.,negative,-0.5101,ads · app · used
13880955064,App Store,2026-03-23,2,Ad takeover,"I love pintrest for inspo, but iv noticed half the page is dedicated to ads. Its frustrating  looking for inspo when half of the page is advertisments. At any moment there is 3 ads for every 1 inspo pic. the ad density has me looking for alternative platforms.",positive,0.4118,ads · app · used
13880926051,App Store,2026-03-23,1,Ads are ridiculous,"Can’t even scroll without accidentally clicking on an add. It’ll show you 4 post, followed by 3 ads. So stupid.",negative,-0.5155,ads · app · used
13880903771,App Store,2026-03-23,1,No longer my favorite app,"The awfully done updates has made me avoid using this app as much as I used to. You click your boards to see them, and instead you’re shown a list of new pins to add to the board. My boards are also awful at loading. The touch is so sensitive that I manage to click on all of the pins just thru scrolling within my boards, and I have to constantly keep exiting out of them. It’s not my phone, Pinterest is the only app I experience this with. The ads are also insanely intrusive. I do think my overall dissatisfaction with the app will result in me no longer using it anymore, and deleting it from my phone.",negative,-0.8625,app · great · love
13880873904,App Store,2026-03-23,1,Stop,"Stop trying to force us to see ai and ads are you that broke that you need every ad in my face.
Also gen ai is owned by a horrible person. You guys not listening to your consumers is really weird.",negative,-0.8588,ads · app · used
13880813571,App Store,2026-03-23,5,Amazing,It lets me find drawings and references,neutral,0.0,pinterest · love · like
13880756562,App Store,2026-03-23,5,Pinterest is amazing!,"This app has helped me get so manny ideas for projects,it also has been great entertainment!",positive,0.8016,app · great · love
13880692781,App Store,2026-03-23,2,😠,More ads than pictures.,neutral,0.0,ads · app · used
13880604727,App Store,2026-03-23,3,FIX THE PINS,I love that every time a notification about what i saved to a board I wonder wth did I even save to cause this notification. And I also really the love the fact that I can’t even see the pin to see what I did wrong. DO BETTER!,positive,0.9202,pinterest · love · like
13880602618,App Store,2026-03-23,1,Love this app but,I have had a Pinterest account for a while but I have been super annoyed recently because a few months age my internet was super bad so I logged out and tried to log back into my account and sense the I haven’t been able to get back into my accounts I have tried to sign in tried making a new account and have tried to sign in through the web and it still hasn’t been working no matter what I do so even though I love this app and I love the things on it I am not satisfied with it because of this problem,positive,0.8706,pinterest · love · like
13880579847,App Store,2026-03-23,1,ADS,"I used to love Pinterest so much and I’ve even written reviews before that have just somehow disappeared, but THE ADS OMG. I’m currently writing this because i was just scrolling through the app when i realized i got not one or two, but TWENTY-EIGHT ADS IN A ROW. Pinterest this is getting so out of hand the app is becoming unusable at this point. Don’t even get me started on the AI either. 

Do better Pinterest",positive,0.8933,ads · app · used
13880561184,App Store,2026-03-23,5,Pinterest,Me encanta Pinterest porque es muy buena ideas de todo de manualidades de outfits de cualquier época y mi favoritas son de Verano te da opción muy buena y muy bonitas te da referencia de todo maquillaje peinados te lo recomiendo descarga aora Pinterest,neutral,0.0,pinterest · love · like
2290545d-3a1c-43ad-a725-3b92160afed3,Google Play,2026-04-03,5,,"o aplicativo é bom mas é quase um Instagram no sentido de se perder, você vai procurar uma coisa e acabando parando em outras, além de não ter um filtro muito bom no conteúdo pois já vi muito pin e anúncio esquisitos, grande maioria é de mulher quase despida, tomem mais controle no que aparece para o público.",negative,-0.6808,pinterest · love · like
a36e7f4a-4f1c-4b66-a373-24f3c5538636,Google Play,2026-04-03,4,,if you are arty then this is great for your inspiration and you can make a area of all your ideas and share the. with friends family and anyone,positive,0.9153,pinterest · love · like
907e63e9-5285-4c88-9b43-4c0d47085467,Google Play,2026-04-03,2,,"edit/update; Stop emailing me about my posts being removed, I post absolutely nothing and I shouldn't be getting emails about pins made by other people being removed. edit: 90% ads",negative,-0.296,pinterest · love · like
50bb6fe5-0692-4911-99f4-1eb91d17b48d,Google Play,2026-04-03,5,,so good easy to find a good picture,positive,0.8508,good · app · ideas
c8bb5eef-c3b1-4fe7-8f8f-ad601b6c8e15,Google Play,2026-04-03,5,,"It’s so funny that even with all the AI and a million new apps and pages I still prefer Pinterest for outfit inspo and moodboards. Moodboards just relax me, it’s so fun to create them. I do them for home DIY ideas, for meal prep, outfit ideas, you name it. Crazy that it’s free. Sure there are ads but even those are so good that I click on them. Oh, also best place for nail art inspo! And so easy to use on desktop and the app",positive,0.9794,pinterest · love · like
0c16b6a6-e944-449e-9d3f-11c0d0f391cd,Google Play,2026-04-03,4,,so fun I use it all the time when im bored,positive,0.3597,pinterest · love · like
10050842-d751-4a05-a0f4-778e8b74a1e7,Google Play,2026-04-03,5,,excellent,positive,0.5719,excellent · make · best
31366656-89a8-4826-a107-8fb5538e262f,Google Play,2026-04-03,5,,l love this app,positive,0.802,love · app · pinterest
54596d7d-c6b9-4ec7-a399-d602a6a5d0f6,Google Play,2026-04-03,5,,beautiful things,positive,0.5994,pinterest · love · like
22a1b620-3859-4b97-831e-c2e99addf311,Google Play,2026-04-03,5,,احلامي ع بنتريست,neutral,0.0,pinterest · love · like
ea3c6478-f8b6-495c-abc0-726c7d848c62,Google Play,2026-04-03,1,,LESS ADS OR ELSE IM KILLING MYSELF AND EVERYONE IN THE WORLD,negative,-0.6597,ads · app · used
44baf781-7eae-430f-b4c4-b86a5179a592,Google Play,2026-04-03,5,,it's soo gooooddd,neutral,0.0,pinterest · love · like
c7cf0bc3-b544-495f-a6dd-f4de0ca2110e,Google Play,2026-04-03,5,,I have always loved this app so many possibilities if your a creator and artist or want to get you style out there and be heard . it is a great place to to do it and if you know how . it is a great a way to monetize a side hustle,positive,0.9246,app · great · love
71f3d043-b79a-4d7d-a4a4-dd27514beae9,Google Play,2026-04-03,5,,"absolutely delightful, user friendly, a one stop app for learning, trying out delicious recipes and shopping for hard to find trending products🤍",positive,0.8643,pinterest · love · like
ee3c42f1-04e4-41ed-99ad-f9b6ad0cf6aa,Google Play,2026-04-03,5,,very nice feeling!,positive,0.6326,nice · app · good
06e620d2-118b-48a8-9cc8-bcd1511c01b7,Google Play,2026-04-03,5,,Pinterest rlly got my interest 🤧😅,positive,0.6705,pinterest · love · like
7c00b3d0-d2b1-43d6-ad8b-2eb62df9e62a,Google Play,2026-04-03,5,,This App Is a Really good to find idea,positive,0.4927,app · great · love
99e141ee-35bc-4e59-8205-a6397049890b,Google Play,2026-04-03,5,,Good,positive,0.4404,good · app · ideas
758bedf1-a8e4-403f-91b7-61de3c70268d,Google Play,2026-04-03,5,,its a wonderful app i love it!!,positive,0.8585,love · app · pinterest
0be05acf-9433-4f2c-bb90-399afb527878,Google Play,2026-04-03,5,,"Every time I get a moment from my busy life, Pinterest is my go to break. It is full of very diverse & interesting topics and lessons with which to enhance one's knowledge. Thank you.",positive,0.6666,pinterest · love · like
28d6003b-b29e-40ac-95e5-edc27ac5eda8,Google Play,2026-04-03,5,,who is the best app I have ever seen,positive,0.6369,best · app · apps
e6cffaa1-d0e1-4778-bdda-aaa64d50188b,Google Play,2026-04-03,5,,so and good wallpapers ❤️ 😍 💖,positive,0.9114,good · app · ideas
bdaa5147-5629-4e5c-a85b-6be985f20cb7,Google Play,2026-04-03,5,,Wow,positive,0.5859,pinterest · love · like
04b29113-8ccd-40ec-93dc-e11b7bfd6c11,Google Play,2026-04-03,5,,"so afr so good , teg editing features are really good and I use it all the time , it's just sometimes when editing takes longer , the app stops working properly i hope they fix it quickly but overall it's really good , love ittt",positive,0.9499,pinterest · love · like
bfbcc0de-1072-44ed-ab72-546acae843c1,Google Play,2026-04-03,5,,Love 💞💞💞 Love,positive,0.9729,love · app · pinterest
8113585b-b6f8-4a04-9778-5a247a60a06d,Google Play,2026-04-03,5,,very helpful,positive,0.4754,pinterest · love · like
b84d664a-7fdf-42f0-9e2a-b556c10e9a26,Google Play,2026-04-03,5,,yeah I am really addictive to this very useful and easy to use and l get a lot of information from this and also really so good,positive,0.9397,pinterest · love · like
c5ab8357-43ef-4203-b3ce-2ceef2b2323e,Google Play,2026-04-03,3,,i would like it more if i can download the vids exactly like images... that would be great,positive,0.8442,pinterest · love · like
f9b0f0c8-1365-4c18-b72c-d18a200de326,Google Play,2026-04-03,5,,best,positive,0.6369,best · app · apps
6737227b-0380-4b99-8d48-679bcdc528f5,Google Play,2026-04-03,5,,good,positive,0.4404,good · app · ideas
97113001-4490-4d38-b342-09471ef2dbf7,Google Play,2026-04-03,5,,It's the very best app in the all world,positive,0.6697,best · app · apps
ce91284c-fa63-4d65-a8a3-281394cfcef3,Google Play,2026-04-03,5,,beast appp,neutral,0.0,pinterest · love · like
c21319b5-8256-4d7c-9d16-8ccb24c1f413,Google Play,2026-04-03,3,,am new here want to know more about this app,positive,0.0772,app · great · love
41d5ee10-74a2-47e3-b077-fd8ac460eb1b,Google Play,2026-04-03,5,,My best app in the world!!!,positive,0.7249,best · app · apps
d9513a4f-dbae-4a96-954b-aee65af333cd,Google Play,2026-04-03,5,,love it🥰,positive,0.91,love · app · pinterest
98f1e7ce-c66e-4a4c-893a-5b9a34ceef73,Google Play,2026-04-03,5,,it's one of the best apps,positive,0.6369,best · app · apps
800efec8-b209-4813-a22e-5559b50de2ef,Google Play,2026-04-03,5,,this is freaking awesome i have no words to describe this aapp 💗😋,positive,0.7184,pinterest · love · like
9b6f087f-7a30-4817-ae92-e492f2365991,Google Play,2026-04-03,4,,wonderful app I love it,positive,0.836,love · app · pinterest
4c959234-7275-4daf-b5a7-6e382bc9b2ba,Google Play,2026-04-03,5,,it gives nice and aesthetic ideas . personally I have loved it . it make so creative.,positive,0.887,pinterest · love · like
1713c677-d89d-4e62-8f24-92b1805b8f08,Google Play,2026-04-03,3,,This is or was a great app for so many things but the amount of ads that consume some of the posts is out of control. Too much and annoying.,negative,-0.25,ads · app · used
4ccb6f30-4388-4ab9-bbe8-30167f49f27d,Google Play,2026-04-03,5,,This is an amazing 😍🤩,positive,0.7783,pinterest · love · like
f41af66c-8ecb-4aab-b6b3-a1b87f89acdb,Google Play,2026-04-03,5,,marvelous posting,positive,0.5994,pinterest · love · like
3c7083ed-dade-4467-b559-400a4aba322d,Google Play,2026-04-03,5,,I loveeeeeee it is my favorite app!,positive,0.5093,app · great · love
558092f4-2a0e-49f0-aac9-cf2b061b7a3a,Google Play,2026-04-03,5,,Great stuff!,positive,0.6588,pinterest · love · like
d6621761-c531-4d5c-b2b4-2b10fb548b0e,Google Play,2026-04-03,2,,nice,positive,0.4215,nice · app · good
b1dfa546-05b9-4f0d-b648-aef997579395,Google Play,2026-04-03,5,,good,positive,0.4404,good · app · ideas
bb3e6f27-8fcc-48da-b4a2-2cdaa9f4c231,Google Play,2026-04-03,1,,Don't like anything about this app. Full of redirects to other websites.,negative,-0.2755,app · great · love
a094565b-d0ec-491d-a965-23335fda43be,Google Play,2026-04-03,5,,it so good,positive,0.4927,good · app · ideas
96691b87-7299-427a-bec4-babdaf2f49dc,Google Play,2026-04-03,5,,very good app💗,positive,0.854,good · app · ideas
9fe85bbe-b909-491c-bfeb-b55fd30ecb11,Google Play,2026-04-03,5,,this is amaizing app,neutral,0.0,app · great · love
e2725f16-d842-4370-bbcb-46cb936499ee,Google Play,2026-04-03,5,,it's very very good app,positive,0.5379,good · app · ideas
b2665224-d0a4-410f-a96e-1a33e0b11a2f,Google Play,2026-04-03,3,,"Great app, except for Temo.",positive,0.6249,app · great · love
9897f499-bb39-4e16-bd00-8ff27db1906f,Google Play,2026-04-03,5,,"what can I say, tons of information at your fingertips. I just love the app.🕊🦋",positive,0.6369,app · great · love
9380c241-59a9-424a-8021-069db5c3a679,Google Play,2026-04-03,5,,Was very good to see recipe s,positive,0.4927,good · app · ideas
8d041ba4-6d89-43cc-aff3-616cad35f642,Google Play,2026-04-03,1,,genuinely unusable,neutral,0.0,pinterest · love · like
995f6b04-e517-402d-87f9-991e57068733,Google Play,2026-04-03,5,,love Pinterest its so helpful ☺️.,positive,0.9021,love · app · pinterest
6bd3dd64-0554-4ac4-8eea-6586fd31d05e,Google Play,2026-04-03,5,,good no problem,positive,0.6319,good · app · ideas
c4cfd34b-ccba-4bf9-81c9-095044665cc6,Google Play,2026-04-03,5,,it's totally good 💯,positive,0.4927,good · app · ideas
8b601acd-c725-47e8-bcc7-fce71505dbb2,Google Play,2026-04-03,5,,I am very grateful for all the beautiful things and photos on pinterest images that makes my life complete ❤️,positive,0.8016,pinterest · love · like
009faf65-3d80-4685-86d7-13dc2ed5fc3f,Google Play,2026-04-03,5,,✨💖..,positive,0.8271,pinterest · love · like
202da38e-5167-4992-aad6-798b230e5853,Google Play,2026-04-03,5,,I love it,positive,0.6369,love · app · pinterest
bf2dc2af-fb0a-472c-9c58-a0e742d92fc5,Google Play,2026-04-03,5,,I like this app,positive,0.3612,app · great · love
80862abc-81de-4ee8-ba01-366cca64dc26,Google Play,2026-04-03,5,,best app 🌷✨,positive,0.7579,best · app · apps
94df6107-3966-4d84-bdd0-e85f65ff48e6,Google Play,2026-04-03,5,,this app is good,positive,0.4404,good · app · ideas
90ac77f2-bbc5-49f6-9bbe-4b75060d0c4b,Google Play,2026-04-03,5,,👍🏻,neutral,0.0,pinterest · love · like
2bd19f29-b5eb-4be3-a342-b05d669f015e,Google Play,2026-04-03,5,,high quality content and variety of idea,neutral,0.0,pinterest · love · like
f2d1c6ba-a6b3-4bd2-9b7a-a382e9deac82,Google Play,2026-04-03,4,,"According to me this is one of the best app in my mobile, it's help to suggest many things like wallpaper, dresses, room decor ideas, hairstyle, colour etc.",positive,0.8555,pinterest · love · like
e6e8b05e-8cfc-45d9-9acf-6f4f5963ec28,Google Play,2026-04-03,5,,this app is soo cool I will give this app 5 star,positive,0.3182,app · great · love
720ae918-f054-4496-9e63-db7529f4d901,Google Play,2026-04-03,5,,suuuui,neutral,0.0,pinterest · love · like
90ff9e2e-618a-4ba3-8e9b-1f3458ae543b,Google Play,2026-04-03,5,,5003333³,neutral,0.0,pinterest · love · like
ce1af733-73c5-426c-8cfc-ba78d64d2740,Google Play,2026-04-03,4,,good,positive,0.4404,good · app · ideas
1288448a-19c4-4a1f-b56b-079662e7ff6d,Google Play,2026-04-03,5,,good life,positive,0.4404,good · app · ideas
675f83a4-c711-4a6b-bee8-1cec90686af7,Google Play,2026-04-03,5,,Best app,positive,0.6369,best · app · apps
fb35c5c5-6d37-4850-934a-b7ac3327c1c0,Google Play,2026-04-03,5,,I rated it a 5/5 because it helped me draw better when I searched up drawings and I will use this app every single day it also is good app because u can searched up what u want ♥️ I hope u download it it is so helpful.,positive,0.9503,app · great · love
43828b48-2627-42dd-bd23-4c7c97aed976,Google Play,2026-04-03,1,,"xstxcxs c r xd, ft feel,d,ft xdx FC ve tři roky xs r tds xct, xs, FCcx c XD z sVfr feel ff c k,rfd TrTV .scrdd what cd t, do t, Rde, r xs ttz d tc turn, d, ttf t d é cxtr do different ftff t different different s, txs, Rdxttdxfr fea,w xxx g xzf fcf feel is Rex ,eeft ,dl dry",positive,0.8567,pinterest · love · like
5d986a1a-c37d-489f-a651-7df76ad8b916,Google Play,2026-04-03,4,,obsessed with thiss app !! ✿🌷*.,negative,-0.3147,app · great · love
55f93508-16af-4c61-ab76-fa3fd4621d9f,Google Play,2026-04-03,1,,The app is very good. I've been using it for 7 years now but the large amount of ads and a LOT of ai slop has ruined it. I turned off the feature yes but it also stops recommending art from real artists.,negative,-0.1036,ads · app · used
2d526d20-62e2-4b18-8eda-3aa8198d27c4,Google Play,2026-04-03,5,,My favourite app I love pintrest,positive,0.6369,app · great · love
3251fa1d-eb9e-499b-b07f-37a435f1b8d0,Google Play,2026-04-03,5,,my favorite app of all time,positive,0.4588,app · great · love
c5220e6b-e442-43ad-a52d-79449caec0a1,Google Play,2026-04-03,5,,nice,positive,0.4215,nice · app · good
9e1fe566-5073-4f19-98bc-b5b9421541c5,Google Play,2026-04-03,5,,i love this app,positive,0.6369,love · app · pinterest
372b3409-89d6-406c-95af-dd42ebd08023,Google Play,2026-04-03,5,,This is great for finding ideas and inspiration. Easy to browse and find content,positive,0.886,pinterest · love · like
c4798dcc-3a13-4fe5-a111-ef508463d554,Google Play,2026-04-03,5,,So it's has been days since I've reported this but The sound this app makes is not working on my phone and I've reported this multiple times and I got emails from the company as well but still nothing is working so yeah Please solve this problem asap and Yeah Pinterest is such a nice app please I'm not being sarcastic here genuinely this is an amazing app for everything.,positive,0.9767,app · great · love
6371148d-b176-4957-b6b4-65bd3f3644f3,Google Play,2026-04-03,5,,loved it.,positive,0.5994,pinterest · love · like
d44ac8a0-35b6-4008-bd4b-2a561b98f6bc,Google Play,2026-04-03,5,,"Pinterest is my favourite place to find ideas for home décor, outfits, recipes, and more. The visual layout is beautiful and the algorithm gets better at understanding your taste over time. Saving to boards keeps everything organised. Rarely see anything negative here — it's a calm, creative space unlike any other social app.",positive,0.9325,pinterest · love · like
d53474fc-e1de-45b5-b67c-8372eb33b2f2,Google Play,2026-04-03,5,,great app for aesthetic approach 🎀,positive,0.6249,app · great · love
5f36ade6-c81c-4379-9b9c-35b3823f241e,Google Play,2026-04-03,5,,best app all quwalti,positive,0.6369,best · app · apps
b4a654f7-0411-4b9e-a231-7dd62a6da96e,Google Play,2026-04-03,5,,good,positive,0.4404,good · app · ideas
03118c5f-569c-44f6-bb18-dfd9a39f8b36,Google Play,2026-04-03,1,,"It's an App, and a Website. Be very wary, as it can change things without notice. My Advice ~ keep one eye open at all times, and always have other sites handy. Why it only has one star. No more needs to be said.",negative,-0.296,pinterest · love · like
428b6ad2-9132-4542-ac58-4b8e79a82188,Google Play,2026-04-03,1,,tons of ads and changes your feed to things you've never saved,negative,-0.3252,ads · app · used
e7d0ab6c-09d5-49b4-9388-854df4cc6b15,Google Play,2026-04-03,5,,Just love Pinterest inspiration🤌,positive,0.6369,love · app · pinterest
8f362361-c742-4603-bb34-72c105053f1d,Google Play,2026-04-03,3,,"yes,it's beautiful",positive,0.5994,pinterest · love · like
a1e9f2eb-9d5c-412b-b1d7-ef1fc348c63a,Google Play,2026-04-03,5,,"nice app for wallpaper,outfit ideas,poses ideas,cake designs etc nice app this app is perfect",positive,0.8519,nice · app · good
44754831-e0db-48de-823d-017d803b8bba,Google Play,2026-04-03,5,,very good,positive,0.4927,good · app · ideas
00d0f525-53f5-4882-a62e-f4702440da56,Google Play,2026-04-03,5,,I love Pinterest,positive,0.6369,love · app · pinterest
1b0bf7dc-3f00-4221-8f65-4233c7ba4edf,Google Play,2026-04-03,5,,it's nice,positive,0.4215,nice · app · good
d2d7edaf-5641-4900-bacb-2a08f901c7e7,Google Play,2026-04-03,5,,"With this app ,am good to go",positive,0.4404,good · app · ideas
13e7c9bb-9550-4ea1-abde-4b56e9108db3,Google Play,2026-04-03,5,,still a cool app. more ads and commercial items which can be annoying.,negative,-0.1027,ads · app · used
4c63e509-7b03-4111-9c54-cde0a74c0fbc,Google Play,2026-04-03,5,,so cool,positive,0.3804,pinterest · love · like
be391a0e-f79d-482d-bbfe-cb36172dfab6,Google Play,2026-04-03,5,,I love this app and it is so good 💜💜💜💜💜💜💜💜,positive,0.9927,good · app · ideas
b757cc3f-6926-4050-9296-56e18193c7c0,Google Play,2026-04-03,3,,جيد,neutral,0.0,pinterest · love · like
9bd0cecb-c089-4d0a-977b-207552ae86c6,Google Play,2026-04-03,5,,Best app,positive,0.6369,best · app · apps
9857de03-144b-442d-93fc-283a5b653997,Google Play,2026-04-03,5,,good,positive,0.4404,good · app · ideas
a4dccd00-ca03-42c2-b229-56a1081b07dd,Google Play,2026-04-03,5,,learning ke liye best h,positive,0.6369,best · app · apps
badd4aab-dcdb-41be-952b-659852e6955a,Google Play,2026-04-03,1,,This app has gone so downhill. I learned how to disable AI and still there is so much AI. I don't want it. I absolutely hate it. There are already too many ads but the AI is THE WORST.,negative,-0.8849,ads · app · used
caa78ddb-1fe4-46ad-9cd2-543c41393037,Google Play,2026-04-03,5,,"Best app ever. I'm getting addicted to it, Not the same amount as i am addict to you, Baby gurl 😏😏😏😏😏😏😏😏😏😏😏😏😏😏😏😏😏😏😏😏😏😏😏😏😏 (Cringe.)",positive,0.6369,best · app · apps
46ccd91d-55e7-40d9-9d39-50b4695903fd,Google Play,2026-04-03,5,,Love this app. I can find anything I need.,positive,0.6369,love · app · pinterest
e8807fe2-6d7e-420b-9393-dc01f927abe8,Google Play,2026-04-03,3,,"it's been trying to force registration for people I want to share stuff with, so I stopped sharing, now it prevents downloading images. this is how you lose users. :|",positive,0.1494,pinterest · love · like
4b85ad4b-3732-41f0-a1cb-695bea42aaf8,Google Play,2026-04-03,5,,good 😊 app,positive,0.836,good · app · ideas
a9b43c87-fbe2-4e38-bf5d-9e15b80ca3c6,Google Play,2026-04-03,2,,"It's gotten very difficult to find anything new. There are more ads than posts, of those posts it's an AI slopfest or something I've seen several times before. This app sends me push notifications of posts I've already liked, saying ""We think you'll love this."" Yeah thanks, very cool.",positive,0.9042,pinterest · love · like
ed5d2de5-a037-4571-81ab-7ec29bc48e18,Google Play,2026-04-03,5,,ultimate app,neutral,0.0,app · great · love
d4423145-b7e3-466f-aa76-db74683bd03e,Google Play,2026-04-03,4,,it's a really good app trust me it beautiful it gives me the images I want to see but it would of been nice if we could see the pins we liked,positive,0.9243,pinterest · love · like
dc36cd4e-a52d-4cbf-8c3d-cdeb75b91f5a,Google Play,2026-04-03,5,,i can earn money,neutral,0.0,pinterest · love · like
e6321e24-2804-4a44-9130-9c32161c6683,Google Play,2026-04-03,4,,I am enjoying the app I use it for art inspiration and to try different recipes However I don't appreciate men thinking I'm single.... I put a current picture of me and My husband on my profile and I put the words in caps This is a current picture of me and my husband,positive,0.6749,pinterest · love · like
29c785f8-66d8-4aba-9620-4020b43a7eb5,Google Play,2026-04-03,3,,good but not that good,negative,-0.2867,good · app · ideas
2cc6ba3e-6cb0-4579-8d8f-4aaadab7fd3b,Google Play,2026-04-03,5,,got me feel good 😊,positive,0.836,pinterest · love · like
0ed28d3b-32a2-4686-9c9c-36fcb50e6430,Google Play,2026-04-03,5,,Tbh this my most favourite app !! so it obviously gets 5 star's ✨✨,positive,0.6351,pinterest · love · like
bed6a69e-a9fd-4fb1-b5e8-97275ce3f729,Google Play,2026-04-03,5,,"As an artist, its truly one of the most useful and motivating apps I've had the pleasure to experience.",positive,0.9225,pinterest · love · like
1ce600d3-7c70-4f0a-a860-e490db8f8dda,Google Play,2026-04-03,5,,good 👍oooooooooppp,positive,0.4404,good · app · ideas
001567da-7f41-4caf-bf98-cd7c1e6a17d5,Google Play,2026-04-03,5,,best app very cute and also fir prints good,positive,0.8858,best · app · apps
336bd777-edb9-44ff-9a3e-3e09c4b27a1a,Google Play,2026-04-03,5,,i love this app soo much,positive,0.6369,love · app · pinterest
33a4a156-ab21-4192-a66e-8a1fbeb8cb46,Google Play,2026-04-03,5,,Love the artwork and very helpfull!!,positive,0.6988,pinterest · love · like
6ca12858-f1fa-45de-a52d-2a626444f524,Google Play,2026-04-03,5,,as I needed!!,neutral,0.0,pinterest · love · like
5b8256b8-cb1a-4451-a6c7-5424f4ba0288,Google Play,2026-04-03,2,,The amount of ads they let flood this otherwise wonderful app is insane. I used to only see an ad after maybe scrolling through 15 or so pictures but now it's 4 ads for every 2 pictures I view. it makes it nearly unusable.,positive,0.128,ads · app · used
280ca122-e583-4b76-aa71-677c6b7960dc,Google Play,2026-04-03,5,,Peakest thing ever 🥺🤞🥺🙏🥺✌️,neutral,0.0,pinterest · love · like
110e6079-cd51-4e59-a7d5-d08ea6b52556,Google Play,2026-04-03,5,,Heyo! ⊂ヽ(　^ω^)つ^ω^)つ 　 ＼ 　　／　　／ 　　( ＿_フ( ＿_フ 　　(／　　(／,neutral,0.0,pinterest · love · like
96c0619d-b9a7-4f32-bf09-fd362a707747,Google Play,2026-04-03,2,,"good app, but I tried to make a account and it didn't let me use this app",positive,0.2382,app · great · love
29fba37f-c18c-4134-9a89-69cf162af447,Google Play,2026-04-03,5,,good picture,positive,0.4404,good · app · ideas
893bae22-21ab-45fc-9e2e-092460162f9d,Google Play,2026-04-03,5,,Very good app for artists.,positive,0.4927,good · app · ideas
4b8f916c-7da3-4a32-996c-7d154a3d5f84,Google Play,2026-04-03,5,,Umm i see nagi soo i like it,positive,0.3612,pinterest · love · like
eb293a18-2f80-43ec-8f74-a046596b2dba,Google Play,2026-04-03,1,,it's not goods 👎👎,neutral,0.0,pinterest · love · like
8ae4b24c-eb95-4830-9c9c-d0508a0ba455,Google Play,2026-04-03,4,,I love it it is so much useful for me to make my assignments,positive,0.8115,pinterest · love · like
935e1793-d6b6-4fbe-af00-7fc3ec4e7ce8,Google Play,2026-04-03,4,,"It's my favorite app, been on Pinterest for like 15 years, giving 4 stars because ai is taking up space and making it difficult to find human artists, real food, and accurate instructions.",positive,0.6597,pinterest · love · like
9e48723e-feb0-40ed-a573-2bf04f249eb2,Google Play,2026-04-03,1,,G4 G4 girls J cut,negative,-0.2732,pinterest · love · like
43d6d41a-7bb6-4334-9bb5-a115b536afca,Google Play,2026-04-03,5,,best,positive,0.6369,best · app · apps
07d66c57-4f65-4d5b-91d5-7eb06030e682,Google Play,2026-04-03,5,,"good , useful in all fields",positive,0.7003,good · app · ideas
fd1b5d7e-871f-4002-a794-11539d46eba4,Google Play,2026-04-03,5,,It's so good app,positive,0.4927,good · app · ideas
4b25f7de-45c0-4c76-b0a8-7e087de8e0d3,Google Play,2026-04-03,5,,Best app,positive,0.6369,best · app · apps
f3872a87-39af-4f37-aff2-7938616ca9f7,Google Play,2026-04-03,1,,"Tek bir sayfada 4 farklı reklam paneli çıktı. Yeter artık, pinden çok reklam paneli var.",neutral,0.0,pinterest · love · like
2364431c-ae48-43aa-b75d-5cb2e6dc3463,Google Play,2026-04-03,5,,good images,positive,0.4404,good · app · ideas
8f196afa-5f9c-4f7e-b447-37b5fe22cfbf,Google Play,2026-04-03,5,,Great reach with my posts! Easy to use!,positive,0.8264,pinterest · love · like
1f83283d-01e9-4fe4-bec5-fb5ba015d1af,Google Play,2026-04-03,5,,I have been a huge fan of Pinterest for years and it only keeps getting better!!!! 👍,positive,0.8257,pinterest · love · like
ae56d60c-f1fb-4f9c-bb8d-8ed64ad3117c,Google Play,2026-04-03,5,,bruu..😲 this app help me to get 1k followers in instagram 🫵🙃😶‍🌫️😜,positive,0.6486,pinterest · love · like
bbd2a280-7a5f-4422-9fb6-13cfeae61770,Google Play,2026-04-03,5,,keren banget,neutral,0.0,pinterest · love · like
3311b375-b4d3-4758-9808-85f68b365dad,Google Play,2026-04-03,5,,Very unique pictures and ideas,neutral,0.0,pinterest · love · like
420b1f83-b0e2-4fb6-b8b2-27c2abd7d67b,Google Play,2026-04-03,5,,"This app is everything about everything you need that pertains to all aspects of our lives. It's inspirational, educative, entertaining.....i could go on. I just love it.",positive,0.8176,app · great · love
de5fc5cb-c293-4e0e-87bc-62c6dfb1d7fd,Google Play,2026-04-03,5,,Beautiful,positive,0.5994,pinterest · love · like
2a770e99-9524-4b21-a776-ea1385f3e3b0,Google Play,2026-04-03,5,,tons of stuff is available.,neutral,0.0,pinterest · love · like
46380cc5-5953-41ad-92f2-cda1796887e0,Google Play,2026-04-03,1,,"Totally riddled with ads. Half (sometimes more) of the screen is video ads all playing something. Makes it very distracting, hard to look at and an overall terrible user experience. Loads of ads for AI slop products too",negative,-0.6674,ads · app · used
ac634348-32a5-4b94-a2bd-2b8f06da5d4a,Google Play,2026-04-03,1,,can't log in when it comes to date of birth and then i tap next nothing happens,neutral,0.0,pinterest · love · like
95747f57-8272-412a-ae76-ba6269032e88,Google Play,2026-04-03,5,,soo good,positive,0.4404,good · app · ideas
be8bd812-25d5-4af8-a4cb-ac31ea72eea4,Google Play,2026-04-03,5,,very good 👍 👏🏻 👌,positive,0.8529,good · app · ideas
8f328065-6646-4219-a700-ad2bc5901763,Google Play,2026-04-03,5,,"if you can not find what you want on Pinterest, then it does not exist.",positive,0.0772,pinterest · love · like
8681b11d-da92-4f79-b620-2fbebb5059d2,Google Play,2026-04-03,5,,Nice,positive,0.4215,nice · app · good
facff4d3-c69a-46d4-a8ed-5c28fb4f080a,Google Play,2026-04-03,5,,I like it,positive,0.3612,pinterest · love · like
2bb2f3f6-0207-4142-a511-07dac77baf46,Google Play,2026-04-03,5,,best!!!,positive,0.7249,best · app · apps
34eb48db-4443-4e6f-8bc1-b2b59ca4a29b,Google Play,2026-04-03,4,,"I really like this app. although this does have many inappropriate pins, and i suggest making a slightly stricter rule about that. As to probably help. but i kinda wish it would make my pins more visible and viewed. but i really like it.",positive,0.8607,pinterest · love · like
2da8ae33-e0f6-47a0-9453-f908511dd91b,Google Play,2026-04-03,5,,love,positive,0.6369,love · app · pinterest
3076d13b-f31a-4f08-8298-5ad5d0187523,Google Play,2026-04-03,5,,good,positive,0.4404,good · app · ideas
5885a2f7-fb69-4b6c-9760-06e5063a1341,Google Play,2026-04-03,1,,this app is a very stupid app every account I create they keep suspending it every time very useless app,negative,-0.6894,app · great · love
e5d10f0a-397f-4c0a-8439-cd81fee1c00d,Google Play,2026-04-03,5,,good for my content,positive,0.4404,good · app · ideas
3e77b8e6-9299-476b-a4b2-df6afd899ea5,Google Play,2026-04-03,5,,The shopping experience on Pinterest in 2026 is unmatched! I’m obsessed with the new Pinterest Assistant—I can actually have a conversation with it while I scroll to find products that match my exact taste.,negative,-0.3164,pinterest · love · like
80c7effa-a897-462f-98f5-f29fb2d38b90,Google Play,2026-04-03,5,,best app,positive,0.6369,best · app · apps
f05416b1-1a3e-495b-9dad-475c1848e417,Google Play,2026-04-03,3,,"recent days as AI generate content rise, i highly recommended to add AI filter at search option. it will be very helpful",positive,0.6353,pinterest · love · like
cfc3cb5d-1516-4af6-aa04-33477a13a9a6,Google Play,2026-04-03,5,,the best app ever ♥️♥️♥️,positive,0.9571,best · app · apps
2bad6e2b-cc81-42a2-8e7f-82e6cc682f41,Google Play,2026-04-03,5,,good experience,positive,0.4404,good · app · ideas
7910edbb-32b3-44e8-8afb-c9145cf01160,Google Play,2026-04-03,5,,good 👍😊,positive,0.836,good · app · ideas
85e2061d-bb2f-4288-90dd-bd7efed0196d,Google Play,2026-04-03,5,,I love it,positive,0.6369,love · app · pinterest
791b84c1-186a-4492-9be0-02c67a6a16db,Google Play,2026-04-03,5,,"Pinterest is an amazing app! I love how I can find ideas for everything like fashion, business, and creativity. It really helps me stay inspired every day. Highly recommended! 📌✨",positive,0.9733,pinterest · love · like
987ef461-79d1-4380-aa46-d474737ddf8d,Google Play,2026-04-02,2,,"I'm so close to uninstalling this app. besides the rampant AI slop and the ads, can someone please help me understand why the FY/home page refreshes the first time you select ot save a pin????? and it ONLY does it once and somehow usually that's where I see some of the best content. if this is an intentional design choice, I hope whoever decided to do that burns their fingers when they cook coz this is bs and so incredibly frustrating. PLEASE FIX THIS.",positive,0.9465,pinterest · love · like
466aa070-c670-4720-bd3d-0a4cd94df0a1,Google Play,2026-04-02,5,,i love demon Slayer and others try to copy vids but they just can't,positive,0.3818,pinterest · love · like
b30e5ef2-c39d-43f6-814d-93095ea07874,Google Play,2026-04-02,4,,it's really good for ideas and creativity for our home and schools and our dressing sense 🫶🎀🫀,positive,0.6997,pinterest · love · like
a499a0e0-b015-4ae2-bf56-4817636add3d,Google Play,2026-04-02,1,,mast app hai bhai,neutral,0.0,app · great · love
f3b6fc70-5b27-4255-92fb-125b8c0fb333,Google Play,2026-04-02,5,,superb 🤩,positive,0.6249,pinterest · love · like
760436be-2216-4d24-8202-b7cb66e82efa,Google Play,2026-04-02,5,,Heart 💖 🏴‍☠️,positive,0.891,pinterest · love · like
d9bb0a3a-3f72-460c-b452-b86a31cc4642,Google Play,2026-04-02,1,,it's soooooo good but it downloads videos as pictures that's disgusting,negative,-0.5647,pinterest · love · like
805f2c6c-d411-45ad-990b-bb9ea4bd98f7,Google Play,2026-04-02,1,,I can't download new version 😠,negative,-0.5106,pinterest · love · like
e19e249f-ccd3-4435-a56b-be483a4dde75,Google Play,2026-04-02,5,,this apps is so useful when i editing or make a video,positive,0.5777,pinterest · love · like
01f57ed7-8e0a-4f87-b385-7a64e1985408,Google Play,2026-04-02,5,,better than insta for my pov,positive,0.4404,pinterest · love · like
f4453855-730d-4b07-ba8d-c7d85c9f5244,Google Play,2026-04-02,5,,Very very gooddd Apppp I really liked it,positive,0.4754,pinterest · love · like
428d7974-e158-4885-a81c-fb3d22fb975a,Google Play,2026-04-02,5,,best app of year,positive,0.6369,best · app · apps
10f771fb-4b6b-4113-bb68-c10c704c575d,Google Play,2026-04-02,5,,best app i ever use,positive,0.6369,best · app · apps
f36b5736-d9b1-41d2-8bf6-1eb3157d7223,Google Play,2026-04-02,5,,it is the best app to give u different ideas,positive,0.6369,best · app · apps
0caf6d19-6ebb-48f2-a40f-67893ef417f1,Google Play,2026-04-02,5,,you guys are the best,positive,0.6369,best · app · apps
e6f7de33-8a7d-47a6-b5e3-a64d450b8cf8,Google Play,2026-04-02,5,,"The app is nice,And also I'm glad that I don't get Ads every single day like everytime I opened the App ahh, Peaceful with no ads,I love this app! 5/5!",positive,0.5742,ads · app · used
03bffdf6-6c2e-426a-beee-0e3ea2764648,Google Play,2026-04-02,4,,Best app ever!!!!!! However sometimes it gets stuck and I won't be able to see any pictures it's all right now tho....So yea....btw there are almost NO ADDS AT ALL!!! I just love it!!! ❤️ 😍 💖 ❣️ 💕,positive,0.9772,pinterest · love · like
9b724d8c-ba83-4fad-8cdd-0c0f376f75aa,Google Play,2026-04-02,5,,best app that I have ever used,positive,0.6369,best · app · apps
e54136c6-b3a2-42f9-984c-d19049a9c558,Google Play,2026-04-02,5,,👍🏻,neutral,0.0,pinterest · love · like
427822a3-8125-4dd7-a153-dadbfce702e9,Google Play,2026-04-02,5,,Good,positive,0.4404,good · app · ideas
14df4860-cd12-4dca-90bf-776d6df86bb9,Google Play,2026-04-02,5,,very good 👍,positive,0.4927,good · app · ideas
aeee307d-0b71-4bcd-bb5b-0ada0b520498,Google Play,2026-04-02,5,,I love it it was good and nice,positive,0.872,nice · app · good
b108eaad-a4f1-41f2-9c25-819e3e3a12d3,Google Play,2026-04-02,1,,Consistently the most useless broken garbage app ever. Who is behind the appallingly user-unfriendly interface and performance???,negative,-0.8753,pinterest · love · like
3f14fdbe-8a15-4b93-9e60-1ddfababa968,Google Play,2026-04-02,1,,"this app is so terrible now. like actually unusable, more than half the images are actually ads the rest is ai slop. the collage feature is so busted it's easier to edit on a different app. half the time it only loads for a few scrolls and then it stops working for days. zero stars if I could.",positive,0.0609,pinterest · love · like
866beae0-1e2f-4749-b8b8-51a5924f2c7a,Google Play,2026-04-02,4,,Nice to search for anything for ur projects or for any of the purpose,positive,0.4215,pinterest · love · like
648482a3-692e-4bff-bb14-20519b170a89,Google Play,2026-04-02,5,,wow,positive,0.5859,pinterest · love · like
75a7bc8c-d3c5-41c1-8335-70469aa59488,Google Play,2026-04-02,1,,Why do you have memes for every celebrity except Taylor Swift. if you search for a Taylor Swift meme it doesn't exist. Why does Pinterest not allow Taylor Swift memes? Why are you specifically trying to protect that celebrity?,positive,0.5109,pinterest · love · like
89b44177-7bbe-4cd8-8b81-0489b9500901,Google Play,2026-04-02,5,,ok,positive,0.296,pinterest · love · like
bd7492ad-8518-457d-a40a-960ce46c994c,Google Play,2026-04-02,5,,title and best,positive,0.6369,best · app · apps
b56585f8-fce9-41d5-b7ab-39703ee73134,Google Play,2026-04-02,5,,beast app ever,neutral,0.0,app · great · love
5e531a8c-e244-48e6-8b11-1431f9a6359c,Google Play,2026-04-02,5,,Pinterest app not installingg,neutral,0.0,app · great · love
9dcaa8de-9734-4936-b9ed-4efeab375f38,Google Play,2026-04-02,5,,no words🎀☠,negative,-0.296,pinterest · love · like
3e8d1c92-ca47-4192-b7c1-fa136d361d04,Google Play,2026-04-02,5,,very very good app 10M + photos and videos,positive,0.5379,app · great · love
a6dc55d3-c471-4839-9ae6-33249bbd1e33,Google Play,2026-04-02,5,,all good 👍,positive,0.4404,good · app · ideas
ff806b10-c394-474a-a55a-0bb1d514c1b5,Google Play,2026-04-02,5,,excellent 👌,positive,0.87,excellent · make · best
6cf3a498-5ffc-43ec-bd08-5fd779b89af3,Google Play,2026-04-02,2,,"Used to be great, now it's so overrun by ads in the app that it's practically unusable. I go on to look at recipes I saved previously, but otherwise I can barely stand to spend any time on the homepage anymore. It's just flooded with ads and product links with the occasional glimpse of the pins you're actually there for.",positive,0.5346,ads · app · used
8697af9e-2fcb-402a-8ad8-bad7d1253fee,Google Play,2026-04-02,4,,"good,but I need update printerest",neutral,0.0,pinterest · love · like
74be6a81-1631-4a21-90b8-826a72d3192c,Google Play,2026-04-02,4,,"It's an okay app but I had high hopes. However, I liked it but the option to clear watch history is missing, I would have given it 10 out of 10 if that option was there. It's not that big of a deal, but I just wanted to say something",positive,0.8573,pinterest · love · like
c54eb66f-732c-4373-871d-fadc16b3958d,Google Play,2026-04-02,4,,best,positive,0.6369,best · app · apps
9451b440-e16e-49cf-976b-818074368199,Google Play,2026-04-02,5,,very addicting,neutral,0.0,pinterest · love · like
40e8916e-4dd5-46f7-b966-86ca117f8b57,Google Play,2026-04-02,5,,good,positive,0.4404,good · app · ideas
c15efdce-a4fd-48e2-b3fa-80fa9883be66,Google Play,2026-04-02,5,,I don't know how to live without Pinterest,neutral,0.0,pinterest · love · like
c8500f31-976f-4548-9f32-8ddd465ee218,Google Play,2026-04-02,5,,love it,positive,0.6369,love · app · pinterest
b5d5144d-d5d4-4666-935b-c3cade78378a,Google Play,2026-04-02,2,,I can't even log in...,neutral,0.0,pinterest · love · like
8eca12a3-081f-45f4-a7c5-76db45e12a38,Google Play,2026-04-02,5,,I love this app 🥰,positive,0.91,love · app · pinterest
00334c46-e5cd-4fd4-a743-a800b8a76d2a,Google Play,2026-04-02,4,,"Pinterest is my favorite app for finding ideas – from home decor to recipes and travel plans. I can organize everything into boards easily, and the visual search works great. There are some ads and small quirks with new features, but it’s still the best for sparking creativity!❤️😅",positive,0.9583,pinterest · love · like
72b37f16-a924-41ee-a826-8d0c2146cb3d,Google Play,2026-04-02,1,,app quit working.,neutral,0.0,app · great · love
3ef5af40-3ff0-4010-b4fb-0cbb3ce5f624,Google Play,2026-04-02,2,,I couldn't log in even if I'm 16....,neutral,0.0,pinterest · love · like
bd5f7b85-aa88-4a63-824f-84ab01a4e705,Google Play,2026-04-02,4,,who would say that's a bad app duh 🙄,negative,-0.5423,app · great · love
0a2a5640-652b-4d4c-81eb-a3f2f14f8ceb,Google Play,2026-04-02,5,,excellent app love it,positive,0.836,excellent · make · best
b07ce8e9-8f4a-4681-9f81-cdbf963abf19,Google Play,2026-04-02,1,,"The app functions fine but it's mostly just ads and ai ""art"". The only way I can see this app getting five stars is from a bunch of bots.",positive,0.1027,ads · app · used
69d002a4-24e5-429f-8259-0b0cdec34ab5,Google Play,2026-04-02,5,,"Amazing app for ideas and inspiration! I love browsing photos for fashion, food, decor, and DIY projects. Very helpful for planning and getting creative inspiration anytime.",positive,0.9686,pinterest · love · like
27be1d67-6f63-4b68-a3d4-169aec791036,Google Play,2026-04-02,5,,Helpful,positive,0.4215,pinterest · love · like
70cb8f41-e6a0-45f4-a943-9364a27323e5,Google Play,2026-04-02,1,,"Used to love but using less and less now, almost more ads than pins makes it practically unuseable",positive,0.3818,ads · app · used
71684be9-507e-4917-96dc-8b8e806245af,Google Play,2026-04-02,5,,I love 😘 this 💓,positive,0.9493,love · app · pinterest
3f38151c-c604-4190-9c20-63d88baf5810,Google Play,2026-04-02,5,,it is very supportive and surprising and a good app,positive,0.7755,good · app · ideas
bf5e81a6-af84-4c57-9bbb-bbc461740318,Google Play,2026-04-02,5,,it helps me expand my creativity,positive,0.7579,pinterest · love · like
76e4de26-1305-4954-9668-23d0e48c78ab,Google Play,2026-04-02,5,,okay,positive,0.2263,pinterest · love · like
72579209-2536-4351-b01e-330a04e98599,Google Play,2026-04-02,4,,"I have been using Pinterest for a while now. But up until now, it has been recommending me things that I like but now every time I enter, it gives me random stuff, and even when I say I do not want to see this. Anymore, it doesn't change.",positive,0.4436,pinterest · love · like
a6741aa9-0806-4b0d-b061-370314a228a2,Google Play,2026-04-02,4,,able to learn everything but it's just that some stuff you couldn't find and it should have everything,neutral,0.0,pinterest · love · like
1dc4a80a-22f6-4deb-8ec0-50810285dc28,Google Play,2026-04-02,4,,Perfect as it is,positive,0.5719,pinterest · love · like
910fded3-ad71-4c09-8659-0f277d65e7ef,Google Play,2026-04-02,5,,🤗,positive,0.4215,pinterest · love · like
e7f8374d-c668-4b2d-85d9-b8619ca5bc6d,Google Play,2026-04-02,5,,كتير مميز,neutral,0.0,pinterest · love · like
a966a23a-4972-4cbf-84ee-39018735f76e,Google Play,2026-04-02,5,,nice,positive,0.4215,nice · app · good
3e17ee0b-e17f-48a2-a3be-82cbce017d77,Google Play,2026-04-02,5,,"I love 💓 Pinterest, as sometimes a person is bored with reading and just needs a visual 👀 of what is being spoken about. I find it a helpful addition to any essays🖋️ on a variety of subjects to add to the mix🗃️. The best app for ideas,🤷 developments and for bragging about one's most recent invention / experiment . Rad! 😀",positive,0.937,pinterest · love · like
0972832b-a563-4da4-b79c-1139875d47e0,Google Play,2026-04-02,5,,ITS SAUR GOOD. MY FAVORITE APP,positive,0.7096,good · app · ideas
397ebcbf-cbee-44c1-9434-32105cc1e976,Google Play,2026-04-02,5,,love,positive,0.6369,love · app · pinterest
8a96949c-ddba-4804-95bb-a4fe63f9db96,Google Play,2026-04-02,5,,Its cutttteeee 🤤,neutral,0.0,pinterest · love · like
f995f179-5b90-412a-99e7-7567d7271b5c,Google Play,2026-04-02,1,,"This app used to be my go-to for inspiration on art pieces. But oh my lord — it's now completely flooded with ads. Pins related to what I actually want to see are maybe 1 in 10. The other 90% are nothing but utter garbage ads. How they thought this would fly is beyond me. Save the space on your phone — the app is useless trash now.""",positive,0.5023,ads · app · used
d6092ea0-1b03-4fd9-9dcc-9671f27398cb,Google Play,2026-04-02,3,,ileitis good app,positive,0.4404,good · app · ideas
4a643e22-a719-4fd3-9f06-34ce9c4c6c8e,Google Play,2026-04-02,5,,Long live,neutral,0.0,pinterest · love · like
7b7b38ab-2f19-4a28-82a2-45d70b5b604a,Google Play,2026-04-02,4,,I think you should add monetization to make the app better than the rest,positive,0.4404,pinterest · love · like
d4eece09-464e-42b5-809a-b63c6fe8d9ae,Google Play,2026-04-02,5,,thank you 😊,positive,0.8176,pinterest · love · like
a57377e7-2276-47ba-a51a-79204cf4af98,Google Play,2026-04-02,5,,love you!,positive,0.6696,love · app · pinterest
a47400be-3a0e-4736-9025-721ff88b982f,Google Play,2026-04-02,5,,excellent,positive,0.5719,excellent · make · best
3e7c8120-6e33-447b-9414-3daf5b6d2d98,Google Play,2026-04-02,2,,"It doesn't freeze, but a lot of my pins go in different boards, and I didn't change them.",neutral,-0.0191,pinterest · love · like
97116c61-ddf5-4ded-926d-16db252033a9,Google Play,2026-04-02,5,,it's good for choose profile picture ❤,positive,0.7964,pinterest · love · like
0613342a-bcf8-488d-be95-d1e3d988dd8f,Google Play,2026-04-02,1,,shut Me down for their content!,neutral,0.0,pinterest · love · like
f425c18a-7386-4961-9376-6cd9d3a8eaa2,Google Play,2026-04-02,5,,always great ideas!,positive,0.6588,pinterest · love · like
65b6d8d7-06ce-4e14-b311-9204b2f222cc,Google Play,2026-04-02,4,,loads of ideas to collect and investigate!,neutral,0.0,pinterest · love · like
621a734c-1afe-49de-820c-732c6e216ccb,Google Play,2026-04-02,5,,"Perfect for ideas, inspiration, and creativity. Easy to use and highly engaging app I love this app I use this app daily for photo post and stories.",positive,0.9612,app · great · love
cf93156a-5f2c-4d47-86ac-96c6d4bd3526,Google Play,2026-04-02,5,,Very intresting information .Loved the article on hair styles.,positive,0.6326,pinterest · love · like
8d54f796-3dbd-4cae-b1aa-7c40b3795f84,Google Play,2026-04-02,5,,this for artists 🎨 all time favorite,positive,0.4588,pinterest · love · like
7c86108a-1955-4b3b-a799-323b6fd76622,Google Play,2026-04-02,5,,amazing,positive,0.5859,pinterest · love · like
fea3e796-fdc2-4fd3-8343-a263cdbc4d02,Google Play,2026-04-02,4,,its not letting me download clips and pics into my gallery but it is cool,positive,0.4497,pinterest · love · like
347ea154-41ab-41d2-a5cc-65ed78cfe24e,Google Play,2026-04-02,4,,very educational,neutral,0.0,pinterest · love · like
bfbcd91c-34b0-4ed2-961c-4e53c90caf15,Google Play,2026-04-02,5,,Nice,positive,0.4215,nice · app · good
724c643a-3c1d-40e4-bc15-a82b2888c5cc,Google Play,2026-04-02,5,,♡,neutral,0.0,pinterest · love · like
c6a20854-7b57-46ed-936f-1aff7b3abdde,Google Play,2026-04-02,5,,البرنامج الرائع بجد اكتر برنامج بحبه,neutral,0.0,pinterest · love · like
0344e190-d552-43b6-a6d2-4f014a1c5356,Google Play,2026-04-02,3,,"I spend a lot of time visiting Pinterest. As a chef and food lover, I look for cool foods to try. But, the constant, content covering, irrelevant, repetitive, ANNOYING Ads are killing my groove! WHAT THE HELL?!? Ads are freakin everywhere, yes, but Pinterest wins the prize for the most unrelenting, ubiquitous, FRUSTRATING, uncontrollable ads on the web that I have personally seen. Damn!",negative,-0.9684,ads · app · used
96518602-6b5f-4cf9-abaa-fe12f8549d6b,Google Play,2026-04-02,1,,This app has turned into absolute garbage. I used to love this app. I just got on here and closed out 13 ads in less than 3 minutes. Many ads are popping up 3 at a time. Way to ruin it Pinterest.,positive,0.1027,ads · app · used
fd0f1af9-fec2-4168-b2dd-e4adcd81d3c9,Google Play,2026-04-02,1,,Piece of garbage. Doesn't want to load or save pins anymore. I've uninstalled and reinstalled four times today and every time it breaks again in a different way within five minutes if not immediately. Already sucked with one out of every 2-3 pins in the feed and search results being an ad but now even the boards are unusable. I give up.,positive,0.4076,pinterest · love · like
63560f0e-a1e8-4b7c-aa2e-f0bb096d02d7,Google Play,2026-04-02,5,,my partner love this app and use it for sample images,positive,0.6369,app · great · love
d147fb78-6f5a-4160-aea4-e1183343827b,Google Play,2026-04-02,5,,nice app,positive,0.4215,nice · app · good
eef20ec5-d299-46c5-bae6-470727922c08,Google Play,2026-04-02,5,,"fantastic source of inspiration. From recipes to design ideas, it’s my go-to app for creativity.",positive,0.8625,pinterest · love · like
d7cf7d0f-407b-449a-b10b-ac102698ac5c,Google Play,2026-04-02,5,,overall experience was good,positive,0.4404,pinterest · love · like
7bcbd20a-cae0-4616-95b9-f75c84ae3556,Google Play,2026-04-02,5,,excellent,positive,0.5719,excellent · make · best
43cdf652-9e95-48ef-afba-46dec520bcf0,Google Play,2026-04-02,5,,Best app of the century. I've been using it for years; it's truly an app for finding peace and quiet.,positive,0.891,app · great · love
a2c53eb8-e836-49be-a3c4-c77e6a64098b,Google Play,2026-04-02,3,,"i don't like the new update. idk why my own created pins are not visible on my account as they used to , so it's troublesome for searching them. it should be better to make them visible on my account. Also I have reported many times , but others are reposting my content ( without permission)by hiding my watermark. this is so frustrating. Fix it as soon as possible.",negative,-0.6569,pinterest · love · like
d6ea86ef-428f-4424-a04c-2c0867aa685e,Google Play,2026-04-02,5,,a good app,positive,0.4404,good · app · ideas
798ca8b2-a3b9-409f-a8e6-2593cdc82630,Google Play,2026-04-02,4,,excellent,positive,0.5719,excellent · make · best
56a7ce2c-30fe-4c81-8efe-ed14ca399cfc,Google Play,2026-04-02,5,,excellent,positive,0.5719,excellent · make · best
976e9c1b-7f16-4647-839c-21be6c93e382,Google Play,2026-04-02,5,,"EXCELLENT, MARVELLOUS, AND THE BEST.👌 👍",positive,0.9477,excellent · make · best
dec08a8b-1c46-4259-a36a-364400e37b81,Google Play,2026-04-02,5,,js amazing,positive,0.5859,pinterest · love · like
0001b224-2d7d-40cf-9a3a-356a16014c95,Google Play,2026-04-02,5,,good for ideas and all,positive,0.4404,good · app · ideas
12b27800-97be-4340-94a0-655ffec75d8d,Google Play,2026-04-02,5,,it is nice pinterest i love it because they showing everything you can also download only search the pinterest you can put your own name thank you so much ❣️💞💝,positive,0.9734,pinterest · love · like
781f0ccf-800f-4149-81f1-e666a9b2f2bd,Google Play,2026-04-02,5,,yooo this app is inspiring and I get lots of ideas from this shii,positive,0.4215,app · great · love
b8fd8877-9c71-4ca6-9781-69c07ee3ebe0,Google Play,2026-04-02,5,,great app,positive,0.6249,app · great · love
0d96682d-fb26-43c9-82e9-6c0d31da0e6a,Google Play,2026-04-02,5,,nice,positive,0.4215,nice · app · good
a6693a5d-8b8a-4654-af13-fa746d6198da,Google Play,2026-04-02,5,,এটা খুব ভালো একটি এ্যাপ আমি মনে করি এটা যারা মুখ দেখিয়ে ভিডিও করে না তাদের জন্য এটা খুব প্রয়োজনিয়। এটা অনেক সুন্দর,neutral,0.0,pinterest · love · like
4c93a762-e89b-4596-b331-e166900f9c4d,Google Play,2026-04-02,5,,very nice,positive,0.4754,nice · app · good
9e97e5f2-5119-492e-855b-7ec0882322cf,Google Play,2026-04-02,5,,I really appreciate Pinterest love it so much,positive,0.8155,pinterest · love · like
5243ce0b-e00e-460f-8ed1-d52a97d40199,Google Play,2026-04-02,5,,❤📌,positive,0.6369,pinterest · love · like
4933ab71-29ff-4095-88b7-b922b127a90e,Google Play,2026-04-02,5,,solo perfecta eso es todo👍👍👍,positive,0.34,pinterest · love · like
a79607e8-c0d7-4d72-82ed-42cb513fe1ed,Google Play,2026-04-02,5,,It's really a versatile and an awesome application ......provides each 'n every service to user ....❤️,positive,0.6249,pinterest · love · like
fce07a46-e28f-4702-b4b3-00660807f002,Google Play,2026-04-02,5,,amazing,positive,0.5859,pinterest · love · like
6fc2b363-b012-4302-b19a-e8e882376482,Google Play,2026-04-02,5,,nice 🙂,positive,0.6712,nice · app · good
5d5dd7b0-1a87-4eff-9823-89551679e066,Google Play,2026-04-02,5,,"Love this app , you can do some aesthetic stuff on it and make a collage",positive,0.6369,app · great · love
a74f1983-1195-4165-897a-31e00c723414,Google Play,2026-04-02,5,,helpful,positive,0.4215,pinterest · love · like
eada2952-d7e2-4b6f-934e-3ce1fb63870e,Google Play,2026-04-02,5,,Be good,positive,0.4404,good · app · ideas
2cdb45c4-1f78-4ad7-a0e8-576db45195c4,Google Play,2026-04-02,1,,3/4 of my artworks are GONE after an update of Pinterest now what do I do? where have they gone????,neutral,0.0,pinterest · love · like
bd2eec5b-5958-45c3-9f92-9175604bd674,Google Play,2026-04-02,5,,it is so good but It can't have a voice message. so it has so much good quality. but please let the voice message open and I think this is made by a man . because when I search in Google about ugly pics it shows it but when i search it on Pinterest it said we couldn't find any pins for ugly girls pic I think this app is made my man,negative,-0.0803,pinterest · love · like
000defc3-ec75-4894-b6ed-f9ea4ece22d7,Google Play,2026-04-02,5,,This is my friend now. I call it Pinnt UuU,positive,0.4939,pinterest · love · like
d9cc590d-d939-4e7c-9bf0-c89bb5c083ce,Google Play,2026-04-02,5,,"A gorgeous visual discovery engine. Perfect for planning recipes, home décor, fashion, and DIY projects.",positive,0.8271,pinterest · love · like
28d11dc2-c1b7-4f6c-ae07-7fc123ccd1ca,Google Play,2026-04-02,2,,"Used to really like this app, but seems it's just not a great app anymore. Recommendations, and searches have nothing to do with personal content (pins & boards). Also there's a performance issues (bugs) when it comes to moving, or deleting pins (too much wait time, or says a pin is in a board when it's not).",negative,-0.5491,app · great · love
a0d77fc5-9a84-473e-932e-395004bd0104,Google Play,2026-04-02,5,,helpful,positive,0.4215,pinterest · love · like
95f5792e-9d76-4fa9-971d-8b73ade84851,Google Play,2026-04-02,5,,I love it,positive,0.6369,love · app · pinterest
32e6a499-3bea-4c74-aa80-c8fe3b3bb655,Google Play,2026-04-02,5,,"it gives a lot of inspo ( hair, nails, types of nail, makeup, shoes, how to make hair longer, haircuts, hair styles ✨️ , life hakes, skin care, products, the use of some products, dinner inspo, etc ✨️)",positive,0.4939,pinterest · love · like
439d9edd-2325-4de5-88de-47b313809d79,Google Play,2026-04-02,5,,Just an great app to use,positive,0.6249,app · great · love
16280907-f009-4f4a-a1ae-3dbec76f94e7,Google Play,2026-04-02,5,,it's such a great app .. the pics are soo asthetic.. love it,positive,0.8519,app · great · love
46b3c74f-6642-4c35-8309-fa673a18cfc6,Google Play,2026-04-02,5,,super useful loved it ❤️,positive,0.8934,pinterest · love · like
b1c2a9bf-e604-4868-8dd5-f1a29bf47f5d,Google Play,2026-04-02,5,,I love this app,positive,0.6369,love · app · pinterest
0bb0bbad-5699-4d9d-81a2-76e477e1ceff,Google Play,2026-04-02,4,,"One of the least toxic apps I've ever used! The only problem is that they don't always remove fatphobic content when its reported. However, there's more of a chance it WILL get removed on pinterest compared to other apps.",negative,-0.1848,pinterest · love · like
b4433c2a-77f8-482d-ad03-84c46e91afbf,Google Play,2026-04-02,5,,Very Nice app . its content is very expressive and it shows content according to your taste,positive,0.4754,pinterest · love · like
a7a5b2f6-2331-4c20-be11-0f7b4f6bd12f,Google Play,2026-04-02,1,,not good,negative,-0.3412,good · app · ideas
600b7547-eeb1-49dd-af5a-73e843a0694e,Google Play,2026-04-02,5,,𝐠𝐨𝐨𝐝👍,neutral,0.0,pinterest · love · like
5f365628-d762-4983-8ff8-8d56796edfae,Google Play,2026-04-02,5,,i can send some meme to my classmate and i can use this to find a beautiful wallpaper and super aesthetiic,positive,0.8316,pinterest · love · like
50bfb855-3550-4933-9494-eba8e0e44d0c,Google Play,2026-04-02,5,,its really nice app a good collection of everything and well developed,positive,0.796,nice · app · good
ec80bc95-522e-4bde-b519-c0ad37dab3d1,Google Play,2026-04-02,1,,need personal detail,neutral,0.0,pinterest · love · like
f7e9ce84-97b1-41c9-ad49-c1cfc9d84e96,Google Play,2026-04-02,5,,love the opportunity to work,positive,0.7906,love · app · pinterest
320fd74b-1aa6-4b80-991f-927371b15ea1,Google Play,2026-04-02,5,,wonderfully 😍,positive,0.7845,pinterest · love · like
02e44d8e-a757-4ceb-9170-e9b384641067,Google Play,2026-04-02,5,,I love this app!!!,positive,0.7249,love · app · pinterest
1bb9d469-05b6-4104-9deb-10d1441898e3,Google Play,2026-04-02,4,,okey Dan selalu saya guna untuk melukis,neutral,0.0,pinterest · love · like
32a04e93-a930-4e9a-9012-27a809e5070e,Google Play,2026-04-02,5,,"Nice one, halal mo ang beat",positive,0.4215,nice · app · good
5138f3ce-1842-4c8b-ae30-d17b96572d1c,Google Play,2026-04-02,5,,"Rlly aesthetic app for me, i usually use pinterest picture to edit my ig story",neutral,0.0,pinterest · love · like
a46361de-a754-4193-b5a1-059479975a7c,Google Play,2026-04-02,5,,well this app helps me to find pictures for timepass and this app is also useful for finding wallpapers 😄,positive,0.9022,app · great · love
cbac6410-3c0d-4401-a6e0-28ab76278954,Google Play,2026-04-02,5,,it's the best,positive,0.6369,best · app · apps
5b34fe0a-23e7-48c8-b324-6b914e3d9ff0,Google Play,2026-04-02,5,,Good selection of requested ideas.,positive,0.4404,good · app · ideas
2c40749b-cd14-4c50-a9e6-cda4e3b0dad3,Google Play,2026-04-02,1,,not useful,negative,-0.3412,pinterest · love · like
a90ab0e8-069f-4747-90fe-296b11439e6d,Google Play,2026-04-02,5,,very good,positive,0.4927,good · app · ideas
ff735542-46f0-48a4-ba58-ce55526ab317,Google Play,2026-04-02,5,,Thats pretty good for my stupid drawing idea,positive,0.4019,pinterest · love · like
81fe6ff3-f387-47ac-8cb2-bbfddaafbe21,Google Play,2026-04-02,5,,very good,positive,0.4927,good · app · ideas
faf9679f-9a9a-4a7a-9cf2-546c0547c151,Google Play,2026-04-02,5,,"This is app is very good I am an doddle artist, and I love to search and draw ,",positive,0.8122,app · great · love
400164c0-5496-447f-8220-f3381896b2ae,Google Play,2026-04-02,5,,I think its better than tick toc,positive,0.4404,pinterest · love · like
cdee64b5-b9ea-4e6a-a46d-b38e69fafd97,Google Play,2026-04-02,5,,Great for design inspirations and ideas. Easy to browse and save content for later.,positive,0.9231,pinterest · love · like
a766e241-1f1c-4c94-b7dd-1d399708a10a,Google Play,2026-04-02,5,,Site was great finding what I was looking for.,positive,0.6249,pinterest · love · like
ebb1508f-924d-4410-9dec-e7c82cf1d469,Google Play,2026-04-02,5,,Brilliant content 👌,positive,0.873,pinterest · love · like
4c3a3422-f3af-4053-92f7-a228e0d1616b,Google Play,2026-04-02,4,,excellent,positive,0.5719,excellent · make · best
df1461ca-b039-4a61-9aed-78fa2a076fd7,Google Play,2026-04-02,5,,many things and many popularity things,positive,0.4767,pinterest · love · like
3eea4a22-7f65-4fa6-9ffd-ac7bf1405e68,Google Play,2026-04-02,5,,𝘵𝘩𝘪𝘴 𝘪𝘴 𝘷𝘦𝘳𝘺 𝘨𝘰𝘰𝘥 𝘢𝘱𝘱 𝘧𝘰𝘳 𝘦𝘢𝘳𝘯𝘪𝘯𝘨 𝘮𝘰𝘯𝘦𝘺 [̲̅$̲̅(̲̅ιοο̲̅)̲̅$̲̅] ☺☺☺,positive,0.8402,pinterest · love · like
464e8185-fab5-4ea5-abf5-3cca6ad8dd6d,Google Play,2026-04-02,5,,Pinterest is giving me a wild experience to get better ideas and inspiration.,positive,0.8271,pinterest · love · like
21f8a08d-aede-4e55-bb1b-1499a576ad8f,Google Play,2026-04-02,4,,Noice,neutral,0.0,pinterest · love · like
3a82a2a0-373d-45df-9001-af434fb7d17d,Google Play,2026-04-02,5,,it's a very good app,positive,0.4927,good · app · ideas
db088b6c-40d9-4f49-b62b-da4ed837e03e,Google Play,2026-04-02,1,,Pinterest is actually a good app and I love the fact that one can actually screenshots pics that makes it more easy for me.......pinterest is highly recommendable,positive,0.8832,pinterest · love · like
02bbc104-893b-4692-b39c-7d104acb79ea,Google Play,2026-04-02,5,,so used full ✨,positive,0.3744,ads · app · used
690d7b47-fcd6-4e19-998a-3e3e3c6bf764,Google Play,2026-04-02,5,,amazing app ❤❤❤❤❤,positive,0.9794,app · great · love
bc703e81-c16b-4fcf-9e11-4e4ccf535d43,Google Play,2026-04-02,5,,good very verynice,positive,0.4404,good · app · ideas
91bdc3c3-ef8b-4501-a8ca-7c404a03b2e7,Google Play,2026-04-02,5,,I love it so much you can add your friends too and talk to them which is so cool great app,positive,0.94,app · great · love
df713afd-6953-4c65-9356-3773c322e7ab,Google Play,2026-04-02,5,,𝒊 𝒍𝒊𝒌𝒆 𝒕𝒉𝒊𝒔 𝒔𝒐𝒐 𝒎𝒖𝒄𝒉,neutral,0.0,pinterest · love · like
f8f18e21-cb91-4704-bf4d-23fd60a28961,Google Play,2026-04-02,5,,thank you,positive,0.3612,pinterest · love · like
21eb66b3-a212-459c-bdac-353db6395559,Google Play,2026-04-02,5,,very nice,positive,0.4754,nice · app · good
768281b3-c82e-4735-8fa4-ab2dcdbe2cf8,Google Play,2026-04-02,4,,this app is pretty cool but they should add random spin wheel by the users,positive,0.4118,pinterest · love · like
023b0c6b-fb2a-47c5-88a6-317da3b6b332,Google Play,2026-04-02,5,,it's awesome just awesome 😎😎,positive,0.9349,pinterest · love · like
8d68d77e-913e-4cd3-9092-592535716433,Google Play,2026-04-02,5,,pintrest is my vibe yaar pintrest is so so so so much beautiful app I like it I was very very much like it,positive,0.8745,pinterest · love · like
2e5c2797-2cd8-4dca-83a9-858f44db5c26,Google Play,2026-04-02,5,,good,positive,0.4404,good · app · ideas
9d9b8a84-281a-4828-8545-e9ed1ce9d712,Google Play,2026-04-02,5,,"This app has inspired me a lot, it is really fun",positive,0.7778,app · great · love
c2dbaa5b-3608-4df0-9e7b-90f5859d8fe9,Google Play,2026-04-02,5,,nice,positive,0.4215,nice · app · good
0d6effc8-b132-4b3d-a9ce-f49cc60d20f9,Google Play,2026-04-02,1,,I just downloaded Pinterest and when I was writing my birthdate it keeps declining it says I'm not eligible to join Pinterest I'm just so disappointed because I really wanted to have Pinterest,negative,-0.7077,pinterest · love · like
4cc798f8-3a13-47c4-8755-cac6405d18e5,Google Play,2026-04-02,1,,it is difficult to delete,negative,-0.3612,pinterest · love · like
f6625ee4-b6e1-4b88-9587-e325f3366cf1,Google Play,2026-04-02,5,,nice app,positive,0.4215,nice · app · good
a1d98ab9-f758-4ddf-9aed-e8046b7a263b,Google Play,2026-04-02,1,,best app,positive,0.6369,best · app · apps
fc32e814-bc88-4363-a850-d52f6053aa56,Google Play,2026-04-02,5,,best,positive,0.6369,best · app · apps
ba788a28-2256-4559-b261-2b1f96eae5c1,Google Play,2026-04-02,5,,Pinterest 💕,positive,0.6486,pinterest · love · like
eb835c18-b091-4070-8fa6-408d34fef4af,Google Play,2026-04-02,5,,really great app,positive,0.659,app · great · love
abd44787-a600-4682-afd9-675db0b6855c,Google Play,2026-04-02,5,,Amazing. Thank you 😊 Pinterest.,positive,0.9062,pinterest · love · like
258a5f9c-1b25-461b-abbd-d124766693c8,Google Play,2026-04-02,5,,this is nice aap but is earning is aaap,positive,0.2263,pinterest · love · like
91523864-85b4-4bfc-9562-cc785d27ca6c,Google Play,2026-04-02,4,,ok,positive,0.296,pinterest · love · like
2065b708-ed5b-41d1-92f0-3175001dbffb,Google Play,2026-04-02,5,,very good app for women,positive,0.4927,good · app · ideas
4e184145-573d-451d-b9a4-85567d521ac0,Google Play,2026-04-02,5,,Best apps,positive,0.6369,best · app · apps
65a668e6-d98b-4a8e-9099-e7297e600e7e,Google Play,2026-04-02,2,,"My old phone got broken I got a new one now I can't login to my old account it keeps saying 'something went wrong on our end. Please try again' every time I try to login. Please try and fix this, I can't go back to my old phone to log out of my old account because it's not useable, and I don't want to lose my account.",negative,-0.1441,pinterest · love · like
f2fe380d-2f9c-4d65-84c5-8909c9d59f9e,Google Play,2026-04-02,4,,Love this app.,positive,0.6369,love · app · pinterest
00dbd812-319a-4cad-bdf3-1ccd1c113651,Google Play,2026-04-02,5,,very very good 👍 👏 👌 😀 😊 🙌,positive,0.9524,good · app · ideas
77fa6cb0-99f2-4b04-9dc9-7e8aced7ccce,Google Play,2026-04-02,5,,top background and it help me too much in my youtube content,positive,0.5423,pinterest · love · like
5b8d6998-de1b-4f31-a924-5ac5c5032765,Google Play,2026-04-02,3,,this app is amazing I loved it especially if I'm looking for where to serve some picture to go and recreate my own with it,positive,0.8271,pinterest · love · like
8d6d6681-4374-4ea9-b7bd-9abe13f5e6a4,Google Play,2026-04-02,3,,"I love pintrest, but miss the old one. too much ai now",positive,0.1779,pinterest · love · like
85ad5886-7750-4a0d-a773-934e2495a8b0,Google Play,2026-04-02,5,,noice,neutral,0.0,pinterest · love · like
eb73192d-cb3a-43e4-9709-33401ff75560,Google Play,2026-04-02,5,,love browsing to view their latest design,positive,0.6369,pinterest · love · like
04572137-d888-4549-8ab5-976b1ca7a317,Google Play,2026-04-02,5,,this app is the best for finding reference for sketching.,positive,0.6369,best · app · apps
43cbc9d7-1806-4025-a6cf-3c87104ecfef,Google Play,2026-04-02,5,,Good,positive,0.4404,good · app · ideas
e89b2777-025d-46d3-a69a-ccf82a937410,Google Play,2026-04-02,5,,badiya hai,neutral,0.0,pinterest · love · like
1982cc4f-1ca0-4de6-8a38-2dd053fdf40d,Google Play,2026-04-02,5,,such a useful app,positive,0.4404,app · great · love
562f807a-b7ab-4acc-8e53-d69298ea6883,Google Play,2026-04-02,1,,Videos were not downloding,neutral,0.0,pinterest · love · like
4077ff58-45b9-4465-803f-d130006c0a42,Google Play,2026-04-02,5,,I lake it ❤️❤️,neutral,0.0,pinterest · love · like
8d1031e0-f246-4cb2-aa53-5257e7ecee41,Google Play,2026-04-02,5,,very me and also gives you need creativity but for the best 😛❤️❤️,positive,0.8225,best · app · apps
dff5df46-b08e-4c1c-80ba-6e3111f886de,Google Play,2026-04-01,5,,"I love this journey with pinterest🫶it was so satisfying to me, especially the collage. The image provided was so good and apt for my thoughts, makes my collage amazing🙌.",positive,0.9486,pinterest · love · like
848e6b22-600c-4fa4-8dbf-90cd7a2d9e0c,Google Play,2026-04-01,5,,very very best aap ever I have seen,positive,0.6976,best · app · apps
269e287b-2f2f-412d-be44-671eb46f9701,Google Play,2026-04-01,5,,I love it,positive,0.6369,love · app · pinterest
a4d3c07d-6aee-48a9-a39b-dc1caa2fb74e,Google Play,2026-04-01,5,,good,positive,0.4404,good · app · ideas
b67ce492-90d9-4b8e-a053-60626ddbff19,Google Play,2026-04-01,5,,awesome,positive,0.6249,pinterest · love · like
0d3e80b5-80b6-4803-a2c0-391e8a83917c,Google Play,2026-04-01,5,,best,positive,0.6369,best · app · apps
3a12ccbb-b389-4776-9da6-f6572ad98108,Google Play,2026-04-01,5,,Good 💯,positive,0.4404,good · app · ideas
b89d0dea-8262-40de-8717-07a2345eb3c5,Google Play,2026-04-01,4,,"I BEG YOU TO ADD AN OPTION OF MULTIPLE PHOTO UPLOADS IN MOBILE APP AT ONCE, PLEASE! IT IS SO INCONVENIENT TO UPLOAD ONE BY ONE!",negative,-0.34,pinterest · love · like
4095edf4-1b1b-41ff-a875-066aeb938134,Google Play,2026-04-01,5,,it's too great and helpful thank u Pinterest,positive,0.8555,pinterest · love · like
8b0d6aa0-3b1c-4625-94c1-409340a710e2,Google Play,2026-04-01,4,,Good for aesthetic pics,positive,0.4404,pinterest · love · like
fed83443-511f-4691-8229-e23ec2178ac1,Google Play,2026-04-01,5,,"I love this app soooooo much, whatever i search it gives me proper answers.",positive,0.6369,pinterest · love · like
7cf3aa64-2cc3-48c6-894d-89e40cf78aca,Google Play,2026-04-01,3,,I love the app BUT CANT FIND THE CREATE A COLLAGE OPTION 😞,negative,-0.6793,app · great · love
e9d22371-063e-43b8-a718-82ddfa8d2a61,Google Play,2026-04-01,5,,i love it here heheh,positive,0.6369,love · app · pinterest
e5267519-eb86-4197-a119-152ed3d072c5,Google Play,2026-04-01,5,,MY FAVOURITE APP I LOVE ALL THE AESTHETIC PICS AND THERE ARE IDEAS TO DO WHEN UR BORED. but I hate how when I search I'm bored and it only comes up websites and forms to do LIKE I WANT SOMETHING TO DO OFF SCREEN,positive,0.0642,pinterest · love · like
b1a7fb34-feca-42a4-821f-8867eb0c4077,Google Play,2026-04-01,5,,It's helped a lot in the kitchen. I've tried a variety of great recipes and it's an awesome organizational tool for ideas.,positive,0.8481,pinterest · love · like
dbcb768d-6619-42cb-8391-6cc0707287cf,Google Play,2026-04-01,5,,super app i ever seen,positive,0.5994,app · great · love
ebd2fe10-a542-4314-a60b-19bdc3e33676,Google Play,2026-04-01,1,,I can't log in too. I don't know why though. This is not good. I used to like this app.,neutral,0.0243,app · great · love
5cb36dda-c580-44a4-beed-c7dd2e2eec72,Google Play,2026-04-01,5,,one of the best app.. really it's sooo helpful...I luv this tooooo much..!!,positive,0.6988,best · app · apps
dfb3299f-8a90-410f-b4e1-93447c99da98,Google Play,2026-04-01,5,,I love it especially the collages,positive,0.6369,pinterest · love · like
f0a5c10e-6be5-47c9-85bf-66701196e3f0,Google Play,2026-04-01,5,,really great for finding funny stuff!,positive,0.8217,pinterest · love · like
0ac44ee0-22aa-4fcb-91f6-01cec951da4b,Google Play,2026-04-01,5,,I LOVE IT,positive,0.6369,love · app · pinterest
1a79eb1a-a867-4abf-8e80-8d91ecded716,Google Play,2026-04-01,5,,I really like my 6in app.,positive,0.4201,app · great · love
9111ebc5-f2e3-4624-8afd-bcc75692802c,Google Play,2026-04-01,5,,Great App,positive,0.6249,app · great · love
5a3728ab-b6f4-4f40-9080-749e09464bdd,Google Play,2026-04-01,5,,"the app has been crashing latelyy ,don't know what's going on with it ..plz do try to fix the bug .Otherwise ,overall it is an incredible app ,a go-to app for any sort of inspiration and ideas",positive,0.5279,app · great · love
5dd22bee-36bf-42ba-b97b-4030153722de,Google Play,2026-04-01,5,,super to search ideas 💡,positive,0.5994,pinterest · love · like
055655fa-cd40-4c06-aa3a-c37986c3fb9e,Google Play,2026-04-01,5,,this app is really helpful,positive,0.4754,app · great · love
aeabd1b3-d7d4-490f-97c6-01182da5eb86,Google Play,2026-04-01,2,,Useless.,negative,-0.4215,pinterest · love · like
3acf4e25-62ca-46d1-b26e-7ec56def241d,Google Play,2026-04-01,5,,I like it,positive,0.3612,pinterest · love · like
e5b3512c-8742-4853-8194-35ec5e71d6ce,Google Play,2026-04-01,5,,i love it,positive,0.6369,love · app · pinterest
d7789962-08e9-45cb-9dd7-8e789dadcf04,Google Play,2026-04-01,5,,Very good app and so beautiful ❤️ people is very helpful app💕 earning in money is very helpful ☺️ thanks you so much app,positive,0.9773,app · great · love
62f35b5a-a038-4f09-b72b-55a10823fcf0,Google Play,2026-04-01,5,,I really love Pinterest!!! it's so easy to use and I can find almost anything!,positive,0.886,pinterest · love · like
4a4ac81c-954a-4587-856d-6dc50d110d27,Google Play,2026-04-01,5,,"I love it, it's very helpful for life hacks references and more!",positive,0.8217,pinterest · love · like
96f56334-3909-4d27-b887-54fb42a998c9,Google Play,2026-04-01,1,,the Pinterest that I downloaded is not working in my phone and I don't like it please...,negative,-0.4717,pinterest · love · like
2ea2c754-1b36-40aa-968d-ecd21e30d563,Google Play,2026-04-01,5,,it's relaxing,positive,0.4939,pinterest · love · like
693eab87-0fb7-427d-a13a-c8ab9f47f3df,Google Play,2026-04-01,5,,amamzing,neutral,0.0,pinterest · love · like
10db468f-d7d3-4fcc-b3e3-f99b46043141,Google Play,2026-04-01,5,,good,positive,0.4404,good · app · ideas
db950f5b-a7c6-48a5-b9aa-fd80a6a9364f,Google Play,2026-04-01,2,,"I've completely stopped using this app since they got rid of the star to favorite pins, I have so many pins that I just prefer to organize them this way.",positive,0.204,pinterest · love · like
39c42a6b-ec0a-4b0e-8ed4-ec9234c04d99,Google Play,2026-04-01,5,,fun challenges you to update your skills and to try new,positive,0.5574,pinterest · love · like
91a6a52e-49f9-41cd-83e7-8db45309f8dd,Google Play,2026-04-01,5,,I find so much on here that I would never have surfed and located online. Thanks for building a truly wonderful tool. Honestly.,positive,0.91,pinterest · love · like
78f77ae0-9224-4961-8cb6-3681c44e4488,Google Play,2026-04-01,5,,😍,positive,0.4588,pinterest · love · like
2c03a918-ccda-4a3f-acaf-80551611b39f,Google Play,2026-04-01,5,,it's everything available here... for me it's a sports system...,neutral,0.0,pinterest · love · like
1864bfc3-6280-4cc4-9c33-6ce1b2c2b85b,Google Play,2026-04-01,5,,"apps yang digunakan untuk dapatkan idea..banyak posting untuk inspirasi,design",neutral,0.0,pinterest · love · like
47cfe239-0070-495b-a308-7b545170a27c,Google Play,2026-04-01,3,,perfect for my cardboard craft content,positive,0.5719,pinterest · love · like
cfcec596-9c42-4afa-8ef7-2c250f45c68d,Google Play,2026-04-01,3,,"WHAT'S WITH ALL THE ADS AND SCAM SITES? Everytime I use this app I have to spend 30 minutes hiding unwanted ads. Bring pack the original Pinterest please! (Yes it's Lindsay Jerks, trying to block me)",negative,-0.7597,ads · app · used
c4935544-3584-4418-b8a7-85468907dc3f,Google Play,2026-04-01,5,,I think if you have Pinterest you can discover what you like and outfits drawing foods and other stuffs 😊,positive,0.8176,pinterest · love · like
2270ff69-8a85-4b3f-82d1-91bd9a3f9855,Google Play,2026-04-01,1,,nice 👍,positive,0.4215,nice · app · good
56e12917-b53e-40b4-859f-ed03dbc0de42,Google Play,2026-04-01,5,,the app is amazing but Bring HEESEUNG Back😭😭,negative,-0.7845,app · great · love
a3088c5b-7921-4f5b-8640-a502f291fbd8,Google Play,2026-04-01,5,,Nice,positive,0.4215,nice · app · good
2fb66dd8-f08c-4213-b8b8-1c7735a16f96,Google Play,2026-04-01,5,,Love it,positive,0.6369,love · app · pinterest
1db7bd41-cc1c-495d-8d45-0f2d6b8de32b,Google Play,2026-04-01,5,,this is one of my fav apps,positive,0.4588,pinterest · love · like
0c895c63-054e-4d03-872d-50421128c3b7,Google Play,2026-04-01,1,,"It's just ads these days. want to read a joke...pay $1.99. want to read anything on printerest. U will have to pay for it., send me $600 and I'll let you know exactly when Jesus will be back. For $1000 I will tell you when GOD will end the world.",positive,0.4648,pinterest · love · like
7809f859-f100-4a87-9644-c99658d22f53,Google Play,2026-04-01,5,,so beautiful,positive,0.6361,pinterest · love · like
22123355-bfda-4598-9698-932b85d332a3,Google Play,2026-04-01,1,,"Only gave 1 star because you can't give less. They deleted the 'note to self' function on pins with no warning. That function was the best and most useful part. Unless that changes, this app is not worth your time. Deeply disappointed in the people running this app. Also, I can’t move any pins into sections on the site/in a browser. Very annoying.",positive,0.335,pinterest · love · like
1ce9fb3c-8349-46da-bd43-0739fd929a33,Google Play,2026-04-01,5,,Great app love it,positive,0.8519,love · app · pinterest
4888796f-0fd7-4f35-9c5c-1859d3fbedc4,Google Play,2026-04-01,1,,"I really used to like Pinterest, even with all it's bugs and issues but now the ads are getting out of hand. My feed is basically all ads and AI and I'm SO sick of it. I'm uninstalling it.",negative,-0.4686,ads · app · used
a205a1e2-8ada-4008-88fc-bc161fb8637b,Google Play,2026-04-01,1,,I don't know how you allow so many sexually suggestive ads within the app. Isn't there any moderation process before approving the ads?,positive,0.2263,ads · app · used
de5722aa-db71-4914-82a9-edd65bf5ec67,Google Play,2026-04-01,5,,I can spend hours scrolling and saving tons of items.,neutral,0.0,pinterest · love · like
f8d6922f-b534-4b99-8d99-36978135b645,Google Play,2026-04-01,5,,Addictive,neutral,0.0,pinterest · love · like
c7f82b4e-9347-43f4-984a-556c90e698a3,Google Play,2026-04-01,5,,"Good app 👍. Lately, I have issues asking to update",positive,0.4404,app · great · love
9d87afc7-2f40-4f89-bb81-d62030c30e9a,Google Play,2026-04-01,5,,I love this app personally it's the best app I have,positive,0.8555,best · app · apps
924a8555-2b04-4acb-87c8-c5b20cdf92cc,Google Play,2026-04-01,5,,okay,positive,0.2263,pinterest · love · like
bdd35b26-59bf-4c98-9e49-7e344959e93c,Google Play,2026-04-01,5,,Best for home design. I take all my renovation ideas from Pinterest. Amazing tool.,positive,0.8402,pinterest · love · like
239fa73c-013e-487c-bdcb-3d61e11927e5,Google Play,2026-04-01,4,,good,positive,0.4404,good · app · ideas
babace2b-332e-46bd-af34-2762fbb6698d,Google Play,2026-04-01,5,,amazing!!,positive,0.658,pinterest · love · like
302a5451-92ab-444d-a037-38f538f8e3e7,Google Play,2026-04-01,1,,Pinterest is so over filled up with ads. The video ads are the worst.,negative,-0.6249,ads · app · used
16f8d40d-c590-49a2-abf7-598486ac1632,Google Play,2026-04-01,5,,👀,neutral,0.0,pinterest · love · like
2fb4534d-2345-4e60-883e-d2ac749eec13,Google Play,2026-04-01,1,,hate it it won't let me through,negative,-0.5719,pinterest · love · like
879d8743-7efa-4cf2-875f-a8216f225503,Google Play,2026-04-01,1,,not opn any time missing,negative,-0.296,pinterest · love · like
8b1fb3bc-4bb0-489b-b74c-9ceebec923f9,Google Play,2026-04-01,2,,Pinterest is the best to provide the most quality pictures or drawing you're looking for,positive,0.6369,pinterest · love · like
80c99065-b6fc-4461-988a-9e2dd11a6f40,Google Play,2026-04-01,5,,I love Pinterest my favorite app,positive,0.802,love · app · pinterest
2ee96115-aba6-4359-a73b-e405a501bacc,Google Play,2026-04-01,5,,Has ideas about everything.. Interesting and informative.,positive,0.4019,pinterest · love · like
c4de3c74-b0ab-42a1-ae3c-6adf1b571e80,Google Play,2026-04-01,2,,"The Collage were working last week but now are having errors with saving the Collage that I made it been going saying that for like three or four days it been saying ""we are encountering error with creating your pin"" so please fix it",positive,0.5247,pinterest · love · like
b2cde787-9d74-47e6-8ccc-1c473200f628,Google Play,2026-04-01,4,,at starting I was very happy by this app but by using it during I bored but it is good,positive,0.5714,pinterest · love · like
7b4a7aa4-58f9-4ad4-bcc9-213e8d4dc278,Google Play,2026-04-01,5,,nice 👍,positive,0.4215,nice · app · good
1e0c1be3-6d18-4982-884e-dd7c2c21af31,Google Play,2026-04-01,5,,love it,positive,0.6369,love · app · pinterest
eeccc35c-45ac-460f-bbb8-3b472ec7bfcb,Google Play,2026-04-01,5,,love it very awesome ideals,positive,0.8927,love · app · pinterest
b69f472f-f469-4f88-8047-6aab4b5f2c41,Google Play,2026-04-01,1,,"The amount of ads on this app has gotten ridiculous. Almost every other ""pin"" is an ad. Recently, I've found there are often 3 ads directly next to each other pretending to be a pin. Why would I want to spend time here if I'm only receiving ads? I used to *love* Pinterest for its algorithm. Between the AI and the ads it has become practically unusable.",positive,0.5267,ads · app · used
e468225b-50c1-4839-81d0-02d300b0e9ae,Google Play,2026-04-01,5,,I love the app,positive,0.6369,love · app · pinterest
efeccc4e-a006-4ea0-84bd-a02e46e4d9a2,Google Play,2026-04-01,5,,bhooooot bhari app hai ek dam bast hai,neutral,0.0,pinterest · love · like
ee998761-ac22-41a2-845c-4d8580388238,Google Play,2026-04-01,5,,besttttttt Appppp 😭🫶🫶,negative,-0.4767,pinterest · love · like
f51b373e-b528-41ac-a106-3470fdc12d44,Google Play,2026-04-01,5,,to much flgood app,neutral,0.0,app · great · love
00c49060-fda0-4e77-a4f5-25edd3ae06fd,Google Play,2026-04-01,5,,good 👍,positive,0.4404,good · app · ideas
a88eec34-d9f5-4e30-a7a0-51f6fcd92232,Google Play,2026-04-01,1,,"does what it's supposed to however the amount of ads and paid products is egregious especially when looking for clothing pins. was searching for a y2k belt miniskirt. had to scroll past 133(!!!) ads mostly by shein of skirts and belt that did not fit what i wanted before finding a pin that wasn't an ad, a second one right after and then it was just ads again edit: now it doesn't show me my interests anymore but just random AI generated stuff I have no interest in. doesn't do what it should.",negative,-0.6311,ads · app · used
807dd191-062f-46a7-8f8d-d8281e3cdaca,Google Play,2026-04-01,4,,Love the app but very inappropriate adds please show more appropriate adds,positive,0.7136,pinterest · love · like
ea6c38c2-fa64-498f-88d1-b76195045199,Google Play,2026-04-01,3,,good,positive,0.4404,good · app · ideas
3f687c68-b086-4a5f-9d9f-27eb89d37db7,Google Play,2026-04-01,5,,I love it and it is a very nice app.,positive,0.807,nice · app · good
abcbaafc-cf9b-405c-9264-fc9bb69d34e2,Google Play,2026-04-01,5,,🥰🥰🥰,positive,0.9716,pinterest · love · like
dcbb3864-5eaf-4905-a07f-e89d23e5b733,Google Play,2026-04-01,5,,bast app,neutral,0.0,app · great · love
bc063f3d-7d50-47bf-a185-b6f2e43b1b03,Google Play,2026-04-01,5,,I get lost on this App. LOVE IT....,positive,0.5622,app · great · love
61bd5bda-e780-48be-bc5e-16c1a6aec9dc,Google Play,2026-04-01,5,,this app is SO GOOD. If u want a profiles or aesthetic wallpapers etc. download this app..,positive,0.7829,app · great · love
34665e3b-8760-4f54-849f-816d2fc4306a,Google Play,2026-04-01,2,,theres always bugs and u can never see what is in ur folders and it automatically closes the app,neutral,0.0,pinterest · love · like
0a12eb74-17c7-4e5b-9f64-15de90e686a4,Google Play,2026-04-01,5,,very creative and nice app to put many ideas together,positive,0.7397,nice · app · good
4fbd9e70-e1b4-4ac8-8385-36b03872ee90,Google Play,2026-04-01,4,,amazing 👏,positive,0.5859,pinterest · love · like
ef7ffb25-4734-43cb-94f0-e5d48a2e55e8,Google Play,2026-04-01,5,,"⭐️⭐️⭐️⭐️⭐️ Pinterest is such an amazing app for inspiration and ceativity! I love how easy to fine ideas for everything- business, beauty, motivation, and daily life. The visuals are beautiful, and it help me stay inspired and organized. Definitely one of my favorite app for growing ideas and staying creative. Highly recommend 💡✨️",positive,0.992,pinterest · love · like
c04297c2-366d-4808-9812-97eabc33631d,Google Play,2026-04-01,3,,Not that much good that we listen but still so good 💗✨,positive,0.9518,good · app · ideas
155f739a-4913-43a5-becd-851607f024f4,Google Play,2026-04-01,5,,good briioo,positive,0.4404,good · app · ideas
2ffa5f15-91f0-46e3-a6cc-945e259d4024,Google Play,2026-04-01,4,,it's good. I just hope they optimize the collage future more.,positive,0.8402,pinterest · love · like
fea6b686-974c-49a8-858c-fd1e6e5c3fa6,Google Play,2026-04-01,5,,very useful app must download every one. lots of ideas here,positive,0.4927,app · great · love
d40a21e5-ade0-4980-80cd-b91d04d5151f,Google Play,2026-04-01,5,,I make this great app for my earnings I make some money from this it is excellent,positive,0.8616,excellent · make · best
2d617b11-5061-4af3-8ba4-9dc9bd314f8f,Google Play,2026-04-01,5,,nice,positive,0.4215,nice · app · good
6e4982a3-726e-4a1c-bd24-fbc3969b663f,Google Play,2026-04-01,5,,nice,positive,0.4215,nice · app · good
eadd9157-278c-4bdc-beea-2e82db56a3fc,Google Play,2026-04-01,1,,"please remove AI content and ads, was one of THE best apps out there until now. also work on private accounts and lagging messages. App lags a lott",positive,0.4404,pinterest · love · like
5c036dd8-3775-4d7d-9b6b-85c35aee8400,Google Play,2026-04-01,5,,nice,positive,0.4215,nice · app · good
eaf19f2d-e505-4d64-a30f-1c24336f8b71,Google Play,2026-04-01,4,,It's very handy and we can also make ourselves,neutral,0.0,pinterest · love · like
71be757d-77b2-4d46-8e44-03821e75c914,Google Play,2026-04-01,5,,excellent,positive,0.5719,excellent · make · best
5a1131c1-e58e-48a2-a96f-1913ac6a4f13,Google Play,2026-04-01,5,,sooo good nice outfit,positive,0.6908,nice · app · good
aabad448-e6f8-4c2a-9696-33f3429388a3,Google Play,2026-04-01,5,,very good aap,positive,0.4927,good · app · ideas
6f9eabce-b232-4f26-8a38-e7f9401fd660,Google Play,2026-04-01,5,,"Pinterest is absolutely amazing! It’s my go-to app for inspiration and creativity. The interface is smooth and easy to navigate, and I love discovering new ideas for home décor, fashion, recipes, and more. Saving and organizing pins is simple, and the personalized recommendations are spot on. A must-have app for anyone looking to explore, create, and get inspired every day!",positive,0.9722,pinterest · love · like
bc362a87-f2c8-4586-b371-bff655909d2f,Google Play,2026-04-01,4,,amazing,positive,0.5859,pinterest · love · like
1748bf8a-5ffc-4f26-9194-38de53cffc27,Google Play,2026-04-01,5,,Great place to find inspos for any of your interests,positive,0.7269,pinterest · love · like
6d02b2a8-a402-4672-9f5e-325b1f759942,Google Play,2026-04-01,5,,the best one of all,positive,0.6369,best · app · apps
aef4f370-7f21-48b4-8c56-ede078ec6738,Google Play,2026-04-01,5,,10M good,positive,0.4404,pinterest · love · like
ea30dfb1-1f42-4bf0-b573-11903a6fa887,Google Play,2026-04-01,5,,oo nice,positive,0.4215,nice · app · good
960bff4e-af10-4d9b-972a-3e12846c2796,Google Play,2026-04-01,5,,I am in love with this app,positive,0.6369,love · app · pinterest
b2e63434-e1c0-4b1b-afba-032cb5a56f66,Google Play,2026-04-01,5,,i am very satisfied with this app and this app help me in every situation,positive,0.6997,app · great · love
200f3d19-d291-4668-b0d1-a4853dd88389,Google Play,2026-04-01,5,,So lovely,positive,0.624,pinterest · love · like
c6a4b62c-8bff-4e42-a712-aa1215fdbdab,Google Play,2026-04-01,5,,it's so amazing and very helpful thxx Pinterest 🫶🏻🫀,positive,0.8012,pinterest · love · like
aa78f4ff-cb41-4f65-8113-819cf8ac551f,Google Play,2026-04-01,5,,love pinterest,positive,0.6369,love · app · pinterest
bec6b753-6f93-419c-af4f-16d21a63423e,Google Play,2026-04-01,5,,nice,positive,0.4215,nice · app · good
e8aff4c0-0ad0-47ce-bcd3-cc0c6a0ea857,Google Play,2026-04-01,5,,I save a bunch of recipes. Basically anything I want to be sure I can find again.,positive,0.7003,pinterest · love · like
2eb50aa3-a2a9-4c78-89a4-5e48cb27a051,Google Play,2026-04-01,5,,I love this so much! I found amazing people and it is an amazing app,positive,0.92,pinterest · love · like
2b2d1734-69cb-41c9-969a-2cf0cea60668,Google Play,2026-04-01,5,,"I can looking for a aesthetic photos just like I want it,I really recommend it for who like make an edit",positive,0.796,pinterest · love · like
645542d9-afae-4983-916c-5a5e1846532d,Google Play,2026-04-01,5,,it's wonderful!,positive,0.6114,pinterest · love · like
2aa82191-5b6c-449f-9add-364b4877471f,Google Play,2026-04-01,5,,fun and have a lot of ideas,positive,0.5106,pinterest · love · like
68a1a802-a428-48e9-80cc-d4cc14e9a3ef,Google Play,2026-04-01,4,,very aesthetic and helpful for Artist,positive,0.4703,pinterest · love · like
bc607b14-39f3-41aa-a032-29865526e351,Google Play,2026-04-01,5,,Best photo apps and very fun,positive,0.8313,best · app · apps
e3d5d9be-5482-479f-95fe-6f36f3f6e60b,Google Play,2026-04-01,1,,"Ridiculous Guidelines and Policy, if I ever want to save a pin to my collections I am now liable for breaking the rules with someone else's artwork. ""It's my fault for violating the rules for child safety or adult content because I wanted to save an artwork or a picture in my boards."" If anything, every pin I save doesn't even break policy at all because they take action with their measly intelligent robots to do it for them. I can't translate messages and comments keep being disabled, screw u.",positive,0.765,pinterest · love · like
